run_id,generation,avg_fitness,best_fitness
4,0,9.75,19
4,0,9.75,19
4,1,10.19,15
4,0,9.75,19
4,1,10.19,15
4,2,10.08,16
4,0,9.75,19
4,1,10.19,15
4,2,10.08,16
4,3,9.94,16
4,0,9.75,19
4,1,10.19,15
4,2,10.08,16
4,3,9.94,16
4,4,9.96,14
4,0,9.75,19
4,1,10.19,15
4,2,10.08,16
4,3,9.94,16
4,4,9.96,14
4,5,10.24,17
4,0,9.75,19
4,1,10.19,15
4,2,10.08,16
4,3,9.94,16
4,4,9.96,14
4,5,10.24,17
4,6,10.11,16
4,0,9.75,19
4,1,10.19,15
4,2,10.08,16
4,3,9.94,16
4,4,9.96,14
4,5,10.24,17
4,6,10.11,16
4,7,10.41,17
4,0,9.75,19
4,1,10.19,15
4,2,10.08,16
4,3,9.94,16
4,4,9.96,14
4,5,10.24,17
4,6,10.11,16
4,7,10.41,17
4,8,10.14,16
4,0,9.75,19
4,1,10.19,15
4,2,10.08,16
4,3,9.94,16
4,4,9.96,14
4,5,10.24,17
4,6,10.11,16
4,7,10.41,17
4,8,10.14,16
4,9,10.03,15
4,0,9.75,19
4,1,10.19,15
4,2,10.08,16
4,3,9.94,16
4,4,9.96,14
4,5,10.24,17
4,6,10.11,16
4,7,10.41,17
4,8,10.14,16
4,9,10.03,15
4,10,10.21,17
4,0,9.75,19
4,1,10.19,15
4,2,10.08,16
4,3,9.94,16
4,4,9.96,14
4,5,10.24,17
4,6,10.11,16
4,7,10.41,17
4,8,10.14,16
4,9,10.03,15
4,10,10.21,17
4,11,10.03,16
4,0,9.75,19
4,1,10.19,15
4,2,10.08,16
4,3,9.94,16
4,4,9.96,14
4,5,10.24,17
4,6,10.11,16
4,7,10.41,17
4,8,10.14,16
4,9,10.03,15
4,10,10.21,17
4,11,10.03,16
4,12,9.9,16
4,0,9.75,19
4,1,10.19,15
4,2,10.08,16
4,3,9.94,16
4,4,9.96,14
4,5,10.24,17
4,6,10.11,16
4,7,10.41,17
4,8,10.14,16
4,9,10.03,15
4,10,10.21,17
4,11,10.03,16
4,12,9.9,16
4,13,10.55,15
4,0,9.75,19
4,1,10.19,15
4,2,10.08,16
4,3,9.94,16
4,4,9.96,14
4,5,10.24,17
4,6,10.11,16
4,7,10.41,17
4,8,10.14,16
4,9,10.03,15
4,10,10.21,17
4,11,10.03,16
4,12,9.9,16
4,13,10.55,15
4,14,10.04,17
4,0,9.75,19
4,1,10.19,15
4,2,10.08,16
4,3,9.94,16
4,4,9.96,14
4,5,10.24,17
4,6,10.11,16
4,7,10.41,17
4,8,10.14,16
4,9,10.03,15
4,10,10.21,17
4,11,10.03,16
4,12,9.9,16
4,13,10.55,15
4,14,10.04,17
4,15,9.89,17
4,0,9.75,19
4,1,10.19,15
4,2,10.08,16
4,3,9.94,16
4,4,9.96,14
4,5,10.24,17
4,6,10.11,16
4,7,10.41,17
4,8,10.14,16
4,9,10.03,15
4,10,10.21,17
4,11,10.03,16
4,12,9.9,16
4,13,10.55,15
4,14,10.04,17
4,15,9.89,17
4,16,9.87,15
4,0,9.75,19
4,1,10.19,15
4,2,10.08,16
4,3,9.94,16
4,4,9.96,14
4,5,10.24,17
4,6,10.11,16
4,7,10.41,17
4,8,10.14,16
4,9,10.03,15
4,10,10.21,17
4,11,10.03,16
4,12,9.9,16
4,13,10.55,15
4,14,10.04,17
4,15,9.89,17
4,16,9.87,15
4,17,10.28,15
4,0,9.75,19
4,1,10.19,15
4,2,10.08,16
4,3,9.94,16
4,4,9.96,14
4,5,10.24,17
4,6,10.11,16
4,7,10.41,17
4,8,10.14,16
4,9,10.03,15
4,10,10.21,17
4,11,10.03,16
4,12,9.9,16
4,13,10.55,15
4,14,10.04,17
4,15,9.89,17
4,16,9.87,15
4,17,10.28,15
4,18,9.88,15
4,0,9.75,19
4,1,10.19,15
4,2,10.08,16
4,3,9.94,16
4,4,9.96,14
4,5,10.24,17
4,6,10.11,16
4,7,10.41,17
4,8,10.14,16
4,9,10.03,15
4,10,10.21,17
4,11,10.03,16
4,12,9.9,16
4,13,10.55,15
4,14,10.04,17
4,15,9.89,17
4,16,9.87,15
4,17,10.28,15
4,18,9.88,15
4,19,10.22,16
4,0,9.75,19
4,1,10.19,15
4,2,10.08,16
4,3,9.94,16
4,4,9.96,14
4,5,10.24,17
4,6,10.11,16
4,7,10.41,17
4,8,10.14,16
4,9,10.03,15
4,10,10.21,17
4,11,10.03,16
4,12,9.9,16
4,13,10.55,15
4,14,10.04,17
4,15,9.89,17
4,16,9.87,15
4,17,10.28,15
4,18,9.88,15
4,19,10.22,16
4,20,10.12,16
4,0,9.75,19
4,1,10.19,15
4,2,10.08,16
4,3,9.94,16
4,4,9.96,14
4,5,10.24,17
4,6,10.11,16
4,7,10.41,17
4,8,10.14,16
4,9,10.03,15
4,10,10.21,17
4,11,10.03,16
4,12,9.9,16
4,13,10.55,15
4,14,10.04,17
4,15,9.89,17
4,16,9.87,15
4,17,10.28,15
4,18,9.88,15
4,19,10.22,16
4,20,10.12,16
4,21,9.82,15
4,0,9.75,19
4,1,10.19,15
4,2,10.08,16
4,3,9.94,16
4,4,9.96,14
4,5,10.24,17
4,6,10.11,16
4,7,10.41,17
4,8,10.14,16
4,9,10.03,15
4,10,10.21,17
4,11,10.03,16
4,12,9.9,16
4,13,10.55,15
4,14,10.04,17
4,15,9.89,17
4,16,9.87,15
4,17,10.28,15
4,18,9.88,15
4,19,10.22,16
4,20,10.12,16
4,21,9.82,15
4,22,10.07,16
4,0,9.75,19
4,1,10.19,15
4,2,10.08,16
4,3,9.94,16
4,4,9.96,14
4,5,10.24,17
4,6,10.11,16
4,7,10.41,17
4,8,10.14,16
4,9,10.03,15
4,10,10.21,17
4,11,10.03,16
4,12,9.9,16
4,13,10.55,15
4,14,10.04,17
4,15,9.89,17
4,16,9.87,15
4,17,10.28,15
4,18,9.88,15
4,19,10.22,16
4,20,10.12,16
4,21,9.82,15
4,22,10.07,16
4,23,10.05,14
4,0,9.75,19
4,1,10.19,15
4,2,10.08,16
4,3,9.94,16
4,4,9.96,14
4,5,10.24,17
4,6,10.11,16
4,7,10.41,17
4,8,10.14,16
4,9,10.03,15
4,10,10.21,17
4,11,10.03,16
4,12,9.9,16
4,13,10.55,15
4,14,10.04,17
4,15,9.89,17
4,16,9.87,15
4,17,10.28,15
4,18,9.88,15
4,19,10.22,16
4,20,10.12,16
4,21,9.82,15
4,22,10.07,16
4,23,10.05,14
4,24,10.35,15
4,0,9.75,19
4,1,10.19,15
4,2,10.08,16
4,3,9.94,16
4,4,9.96,14
4,5,10.24,17
4,6,10.11,16
4,7,10.41,17
4,8,10.14,16
4,9,10.03,15
4,10,10.21,17
4,11,10.03,16
4,12,9.9,16
4,13,10.55,15
4,14,10.04,17
4,15,9.89,17
4,16,9.87,15
4,17,10.28,15
4,18,9.88,15
4,19,10.22,16
4,20,10.12,16
4,21,9.82,15
4,22,10.07,16
4,23,10.05,14
4,24,10.35,15
4,25,9.59,15
4,0,9.75,19
4,1,10.19,15
4,2,10.08,16
4,3,9.94,16
4,4,9.96,14
4,5,10.24,17
4,6,10.11,16
4,7,10.41,17
4,8,10.14,16
4,9,10.03,15
4,10,10.21,17
4,11,10.03,16
4,12,9.9,16
4,13,10.55,15
4,14,10.04,17
4,15,9.89,17
4,16,9.87,15
4,17,10.28,15
4,18,9.88,15
4,19,10.22,16
4,20,10.12,16
4,21,9.82,15
4,22,10.07,16
4,23,10.05,14
4,24,10.35,15
4,25,9.59,15
4,26,10.08,17
4,0,9.75,19
4,1,10.19,15
4,2,10.08,16
4,3,9.94,16
4,4,9.96,14
4,5,10.24,17
4,6,10.11,16
4,7,10.41,17
4,8,10.14,16
4,9,10.03,15
4,10,10.21,17
4,11,10.03,16
4,12,9.9,16
4,13,10.55,15
4,14,10.04,17
4,15,9.89,17
4,16,9.87,15
4,17,10.28,15
4,18,9.88,15
4,19,10.22,16
4,20,10.12,16
4,21,9.82,15
4,22,10.07,16
4,23,10.05,14
4,24,10.35,15
4,25,9.59,15
4,26,10.08,17
4,27,9.99,16
4,0,9.75,19
4,1,10.19,15
4,2,10.08,16
4,3,9.94,16
4,4,9.96,14
4,5,10.24,17
4,6,10.11,16
4,7,10.41,17
4,8,10.14,16
4,9,10.03,15
4,10,10.21,17
4,11,10.03,16
4,12,9.9,16
4,13,10.55,15
4,14,10.04,17
4,15,9.89,17
4,16,9.87,15
4,17,10.28,15
4,18,9.88,15
4,19,10.22,16
4,20,10.12,16
4,21,9.82,15
4,22,10.07,16
4,23,10.05,14
4,24,10.35,15
4,25,9.59,15
4,26,10.08,17
4,27,9.99,16
4,28,10.23,16
4,0,9.75,19
4,1,10.19,15
4,2,10.08,16
4,3,9.94,16
4,4,9.96,14
4,5,10.24,17
4,6,10.11,16
4,7,10.41,17
4,8,10.14,16
4,9,10.03,15
4,10,10.21,17
4,11,10.03,16
4,12,9.9,16
4,13,10.55,15
4,14,10.04,17
4,15,9.89,17
4,16,9.87,15
4,17,10.28,15
4,18,9.88,15
4,19,10.22,16
4,20,10.12,16
4,21,9.82,15
4,22,10.07,16
4,23,10.05,14
4,24,10.35,15
4,25,9.59,15
4,26,10.08,17
4,27,9.99,16
4,28,10.23,16
4,29,9.97,15
4,0,9.75,19
4,1,10.19,15
4,2,10.08,16
4,3,9.94,16
4,4,9.96,14
4,5,10.24,17
4,6,10.11,16
4,7,10.41,17
4,8,10.14,16
4,9,10.03,15
4,10,10.21,17
4,11,10.03,16
4,12,9.9,16
4,13,10.55,15
4,14,10.04,17
4,15,9.89,17
4,16,9.87,15
4,17,10.28,15
4,18,9.88,15
4,19,10.22,16
4,20,10.12,16
4,21,9.82,15
4,22,10.07,16
4,23,10.05,14
4,24,10.35,15
4,25,9.59,15
4,26,10.08,17
4,27,9.99,16
4,28,10.23,16
4,29,9.97,15
4,30,9.82,15
4,0,9.75,19
4,1,10.19,15
4,2,10.08,16
4,3,9.94,16
4,4,9.96,14
4,5,10.24,17
4,6,10.11,16
4,7,10.41,17
4,8,10.14,16
4,9,10.03,15
4,10,10.21,17
4,11,10.03,16
4,12,9.9,16
4,13,10.55,15
4,14,10.04,17
4,15,9.89,17
4,16,9.87,15
4,17,10.28,15
4,18,9.88,15
4,19,10.22,16
4,20,10.12,16
4,21,9.82,15
4,22,10.07,16
4,23,10.05,14
4,24,10.35,15
4,25,9.59,15
4,26,10.08,17
4,27,9.99,16
4,28,10.23,16
4,29,9.97,15
4,30,9.82,15
4,31,9.93,16
4,0,9.75,19
4,1,10.19,15
4,2,10.08,16
4,3,9.94,16
4,4,9.96,14
4,5,10.24,17
4,6,10.11,16
4,7,10.41,17
4,8,10.14,16
4,9,10.03,15
4,10,10.21,17
4,11,10.03,16
4,12,9.9,16
4,13,10.55,15
4,14,10.04,17
4,15,9.89,17
4,16,9.87,15
4,17,10.28,15
4,18,9.88,15
4,19,10.22,16
4,20,10.12,16
4,21,9.82,15
4,22,10.07,16
4,23,10.05,14
4,24,10.35,15
4,25,9.59,15
4,26,10.08,17
4,27,9.99,16
4,28,10.23,16
4,29,9.97,15
4,30,9.82,15
4,31,9.93,16
4,32,9.77,15
4,0,9.75,19
4,1,10.19,15
4,2,10.08,16
4,3,9.94,16
4,4,9.96,14
4,5,10.24,17
4,6,10.11,16
4,7,10.41,17
4,8,10.14,16
4,9,10.03,15
4,10,10.21,17
4,11,10.03,16
4,12,9.9,16
4,13,10.55,15
4,14,10.04,17
4,15,9.89,17
4,16,9.87,15
4,17,10.28,15
4,18,9.88,15
4,19,10.22,16
4,20,10.12,16
4,21,9.82,15
4,22,10.07,16
4,23,10.05,14
4,24,10.35,15
4,25,9.59,15
4,26,10.08,17
4,27,9.99,16
4,28,10.23,16
4,29,9.97,15
4,30,9.82,15
4,31,9.93,16
4,32,9.77,15
4,33,9.92,14
4,0,9.75,19
4,1,10.19,15
4,2,10.08,16
4,3,9.94,16
4,4,9.96,14
4,5,10.24,17
4,6,10.11,16
4,7,10.41,17
4,8,10.14,16
4,9,10.03,15
4,10,10.21,17
4,11,10.03,16
4,12,9.9,16
4,13,10.55,15
4,14,10.04,17
4,15,9.89,17
4,16,9.87,15
4,17,10.28,15
4,18,9.88,15
4,19,10.22,16
4,20,10.12,16
4,21,9.82,15
4,22,10.07,16
4,23,10.05,14
4,24,10.35,15
4,25,9.59,15
4,26,10.08,17
4,27,9.99,16
4,28,10.23,16
4,29,9.97,15
4,30,9.82,15
4,31,9.93,16
4,32,9.77,15
4,33,9.92,14
4,34,10.22,15
4,0,9.75,19
4,1,10.19,15
4,2,10.08,16
4,3,9.94,16
4,4,9.96,14
4,5,10.24,17
4,6,10.11,16
4,7,10.41,17
4,8,10.14,16
4,9,10.03,15
4,10,10.21,17
4,11,10.03,16
4,12,9.9,16
4,13,10.55,15
4,14,10.04,17
4,15,9.89,17
4,16,9.87,15
4,17,10.28,15
4,18,9.88,15
4,19,10.22,16
4,20,10.12,16
4,21,9.82,15
4,22,10.07,16
4,23,10.05,14
4,24,10.35,15
4,25,9.59,15
4,26,10.08,17
4,27,9.99,16
4,28,10.23,16
4,29,9.97,15
4,30,9.82,15
4,31,9.93,16
4,32,9.77,15
4,33,9.92,14
4,34,10.22,15
4,35,10.01,16
4,0,9.75,19
4,1,10.19,15
4,2,10.08,16
4,3,9.94,16
4,4,9.96,14
4,5,10.24,17
4,6,10.11,16
4,7,10.41,17
4,8,10.14,16
4,9,10.03,15
4,10,10.21,17
4,11,10.03,16
4,12,9.9,16
4,13,10.55,15
4,14,10.04,17
4,15,9.89,17
4,16,9.87,15
4,17,10.28,15
4,18,9.88,15
4,19,10.22,16
4,20,10.12,16
4,21,9.82,15
4,22,10.07,16
4,23,10.05,14
4,24,10.35,15
4,25,9.59,15
4,26,10.08,17
4,27,9.99,16
4,28,10.23,16
4,29,9.97,15
4,30,9.82,15
4,31,9.93,16
4,32,9.77,15
4,33,9.92,14
4,34,10.22,15
4,35,10.01,16
4,36,10.13,15
4,0,9.75,19
4,1,10.19,15
4,2,10.08,16
4,3,9.94,16
4,4,9.96,14
4,5,10.24,17
4,6,10.11,16
4,7,10.41,17
4,8,10.14,16
4,9,10.03,15
4,10,10.21,17
4,11,10.03,16
4,12,9.9,16
4,13,10.55,15
4,14,10.04,17
4,15,9.89,17
4,16,9.87,15
4,17,10.28,15
4,18,9.88,15
4,19,10.22,16
4,20,10.12,16
4,21,9.82,15
4,22,10.07,16
4,23,10.05,14
4,24,10.35,15
4,25,9.59,15
4,26,10.08,17
4,27,9.99,16
4,28,10.23,16
4,29,9.97,15
4,30,9.82,15
4,31,9.93,16
4,32,9.77,15
4,33,9.92,14
4,34,10.22,15
4,35,10.01,16
4,36,10.13,15
4,37,9.86,14
4,0,9.75,19
4,1,10.19,15
4,2,10.08,16
4,3,9.94,16
4,4,9.96,14
4,5,10.24,17
4,6,10.11,16
4,7,10.41,17
4,8,10.14,16
4,9,10.03,15
4,10,10.21,17
4,11,10.03,16
4,12,9.9,16
4,13,10.55,15
4,14,10.04,17
4,15,9.89,17
4,16,9.87,15
4,17,10.28,15
4,18,9.88,15
4,19,10.22,16
4,20,10.12,16
4,21,9.82,15
4,22,10.07,16
4,23,10.05,14
4,24,10.35,15
4,25,9.59,15
4,26,10.08,17
4,27,9.99,16
4,28,10.23,16
4,29,9.97,15
4,30,9.82,15
4,31,9.93,16
4,32,9.77,15
4,33,9.92,14
4,34,10.22,15
4,35,10.01,16
4,36,10.13,15
4,37,9.86,14
4,38,10.09,15
4,0,9.75,19
4,1,10.19,15
4,2,10.08,16
4,3,9.94,16
4,4,9.96,14
4,5,10.24,17
4,6,10.11,16
4,7,10.41,17
4,8,10.14,16
4,9,10.03,15
4,10,10.21,17
4,11,10.03,16
4,12,9.9,16
4,13,10.55,15
4,14,10.04,17
4,15,9.89,17
4,16,9.87,15
4,17,10.28,15
4,18,9.88,15
4,19,10.22,16
4,20,10.12,16
4,21,9.82,15
4,22,10.07,16
4,23,10.05,14
4,24,10.35,15
4,25,9.59,15
4,26,10.08,17
4,27,9.99,16
4,28,10.23,16
4,29,9.97,15
4,30,9.82,15
4,31,9.93,16
4,32,9.77,15
4,33,9.92,14
4,34,10.22,15
4,35,10.01,16
4,36,10.13,15
4,37,9.86,14
4,38,10.09,15
4,39,9.86,15
4,0,9.75,19
4,1,10.19,15
4,2,10.08,16
4,3,9.94,16
4,4,9.96,14
4,5,10.24,17
4,6,10.11,16
4,7,10.41,17
4,8,10.14,16
4,9,10.03,15
4,10,10.21,17
4,11,10.03,16
4,12,9.9,16
4,13,10.55,15
4,14,10.04,17
4,15,9.89,17
4,16,9.87,15
4,17,10.28,15
4,18,9.88,15
4,19,10.22,16
4,20,10.12,16
4,21,9.82,15
4,22,10.07,16
4,23,10.05,14
4,24,10.35,15
4,25,9.59,15
4,26,10.08,17
4,27,9.99,16
4,28,10.23,16
4,29,9.97,15
4,30,9.82,15
4,31,9.93,16
4,32,9.77,15
4,33,9.92,14
4,34,10.22,15
4,35,10.01,16
4,36,10.13,15
4,37,9.86,14
4,38,10.09,15
4,39,9.86,15
4,40,9.91,15
4,0,9.75,19
4,1,10.19,15
4,2,10.08,16
4,3,9.94,16
4,4,9.96,14
4,5,10.24,17
4,6,10.11,16
4,7,10.41,17
4,8,10.14,16
4,9,10.03,15
4,10,10.21,17
4,11,10.03,16
4,12,9.9,16
4,13,10.55,15
4,14,10.04,17
4,15,9.89,17
4,16,9.87,15
4,17,10.28,15
4,18,9.88,15
4,19,10.22,16
4,20,10.12,16
4,21,9.82,15
4,22,10.07,16
4,23,10.05,14
4,24,10.35,15
4,25,9.59,15
4,26,10.08,17
4,27,9.99,16
4,28,10.23,16
4,29,9.97,15
4,30,9.82,15
4,31,9.93,16
4,32,9.77,15
4,33,9.92,14
4,34,10.22,15
4,35,10.01,16
4,36,10.13,15
4,37,9.86,14
4,38,10.09,15
4,39,9.86,15
4,40,9.91,15
4,41,10.14,16
4,0,9.75,19
4,1,10.19,15
4,2,10.08,16
4,3,9.94,16
4,4,9.96,14
4,5,10.24,17
4,6,10.11,16
4,7,10.41,17
4,8,10.14,16
4,9,10.03,15
4,10,10.21,17
4,11,10.03,16
4,12,9.9,16
4,13,10.55,15
4,14,10.04,17
4,15,9.89,17
4,16,9.87,15
4,17,10.28,15
4,18,9.88,15
4,19,10.22,16
4,20,10.12,16
4,21,9.82,15
4,22,10.07,16
4,23,10.05,14
4,24,10.35,15
4,25,9.59,15
4,26,10.08,17
4,27,9.99,16
4,28,10.23,16
4,29,9.97,15
4,30,9.82,15
4,31,9.93,16
4,32,9.77,15
4,33,9.92,14
4,34,10.22,15
4,35,10.01,16
4,36,10.13,15
4,37,9.86,14
4,38,10.09,15
4,39,9.86,15
4,40,9.91,15
4,41,10.14,16
4,42,9.57,18
4,0,9.75,19
4,1,10.19,15
4,2,10.08,16
4,3,9.94,16
4,4,9.96,14
4,5,10.24,17
4,6,10.11,16
4,7,10.41,17
4,8,10.14,16
4,9,10.03,15
4,10,10.21,17
4,11,10.03,16
4,12,9.9,16
4,13,10.55,15
4,14,10.04,17
4,15,9.89,17
4,16,9.87,15
4,17,10.28,15
4,18,9.88,15
4,19,10.22,16
4,20,10.12,16
4,21,9.82,15
4,22,10.07,16
4,23,10.05,14
4,24,10.35,15
4,25,9.59,15
4,26,10.08,17
4,27,9.99,16
4,28,10.23,16
4,29,9.97,15
4,30,9.82,15
4,31,9.93,16
4,32,9.77,15
4,33,9.92,14
4,34,10.22,15
4,35,10.01,16
4,36,10.13,15
4,37,9.86,14
4,38,10.09,15
4,39,9.86,15
4,40,9.91,15
4,41,10.14,16
4,42,9.57,18
4,43,9.92,15
4,0,9.75,19
4,1,10.19,15
4,2,10.08,16
4,3,9.94,16
4,4,9.96,14
4,5,10.24,17
4,6,10.11,16
4,7,10.41,17
4,8,10.14,16
4,9,10.03,15
4,10,10.21,17
4,11,10.03,16
4,12,9.9,16
4,13,10.55,15
4,14,10.04,17
4,15,9.89,17
4,16,9.87,15
4,17,10.28,15
4,18,9.88,15
4,19,10.22,16
4,20,10.12,16
4,21,9.82,15
4,22,10.07,16
4,23,10.05,14
4,24,10.35,15
4,25,9.59,15
4,26,10.08,17
4,27,9.99,16
4,28,10.23,16
4,29,9.97,15
4,30,9.82,15
4,31,9.93,16
4,32,9.77,15
4,33,9.92,14
4,34,10.22,15
4,35,10.01,16
4,36,10.13,15
4,37,9.86,14
4,38,10.09,15
4,39,9.86,15
4,40,9.91,15
4,41,10.14,16
4,42,9.57,18
4,43,9.92,15
4,44,9.73,17
4,0,9.75,19
4,1,10.19,15
4,2,10.08,16
4,3,9.94,16
4,4,9.96,14
4,5,10.24,17
4,6,10.11,16
4,7,10.41,17
4,8,10.14,16
4,9,10.03,15
4,10,10.21,17
4,11,10.03,16
4,12,9.9,16
4,13,10.55,15
4,14,10.04,17
4,15,9.89,17
4,16,9.87,15
4,17,10.28,15
4,18,9.88,15
4,19,10.22,16
4,20,10.12,16
4,21,9.82,15
4,22,10.07,16
4,23,10.05,14
4,24,10.35,15
4,25,9.59,15
4,26,10.08,17
4,27,9.99,16
4,28,10.23,16
4,29,9.97,15
4,30,9.82,15
4,31,9.93,16
4,32,9.77,15
4,33,9.92,14
4,34,10.22,15
4,35,10.01,16
4,36,10.13,15
4,37,9.86,14
4,38,10.09,15
4,39,9.86,15
4,40,9.91,15
4,41,10.14,16
4,42,9.57,18
4,43,9.92,15
4,44,9.73,17
4,45,9.53,13
4,0,9.75,19
4,1,10.19,15
4,2,10.08,16
4,3,9.94,16
4,4,9.96,14
4,5,10.24,17
4,6,10.11,16
4,7,10.41,17
4,8,10.14,16
4,9,10.03,15
4,10,10.21,17
4,11,10.03,16
4,12,9.9,16
4,13,10.55,15
4,14,10.04,17
4,15,9.89,17
4,16,9.87,15
4,17,10.28,15
4,18,9.88,15
4,19,10.22,16
4,20,10.12,16
4,21,9.82,15
4,22,10.07,16
4,23,10.05,14
4,24,10.35,15
4,25,9.59,15
4,26,10.08,17
4,27,9.99,16
4,28,10.23,16
4,29,9.97,15
4,30,9.82,15
4,31,9.93,16
4,32,9.77,15
4,33,9.92,14
4,34,10.22,15
4,35,10.01,16
4,36,10.13,15
4,37,9.86,14
4,38,10.09,15
4,39,9.86,15
4,40,9.91,15
4,41,10.14,16
4,42,9.57,18
4,43,9.92,15
4,44,9.73,17
4,45,9.53,13
4,46,9.51,15
4,0,9.75,19
4,1,10.19,15
4,2,10.08,16
4,3,9.94,16
4,4,9.96,14
4,5,10.24,17
4,6,10.11,16
4,7,10.41,17
4,8,10.14,16
4,9,10.03,15
4,10,10.21,17
4,11,10.03,16
4,12,9.9,16
4,13,10.55,15
4,14,10.04,17
4,15,9.89,17
4,16,9.87,15
4,17,10.28,15
4,18,9.88,15
4,19,10.22,16
4,20,10.12,16
4,21,9.82,15
4,22,10.07,16
4,23,10.05,14
4,24,10.35,15
4,25,9.59,15
4,26,10.08,17
4,27,9.99,16
4,28,10.23,16
4,29,9.97,15
4,30,9.82,15
4,31,9.93,16
4,32,9.77,15
4,33,9.92,14
4,34,10.22,15
4,35,10.01,16
4,36,10.13,15
4,37,9.86,14
4,38,10.09,15
4,39,9.86,15
4,40,9.91,15
4,41,10.14,16
4,42,9.57,18
4,43,9.92,15
4,44,9.73,17
4,45,9.53,13
4,46,9.51,15
4,47,10.31,17
4,0,9.75,19
4,1,10.19,15
4,2,10.08,16
4,3,9.94,16
4,4,9.96,14
4,5,10.24,17
4,6,10.11,16
4,7,10.41,17
4,8,10.14,16
4,9,10.03,15
4,10,10.21,17
4,11,10.03,16
4,12,9.9,16
4,13,10.55,15
4,14,10.04,17
4,15,9.89,17
4,16,9.87,15
4,17,10.28,15
4,18,9.88,15
4,19,10.22,16
4,20,10.12,16
4,21,9.82,15
4,22,10.07,16
4,23,10.05,14
4,24,10.35,15
4,25,9.59,15
4,26,10.08,17
4,27,9.99,16
4,28,10.23,16
4,29,9.97,15
4,30,9.82,15
4,31,9.93,16
4,32,9.77,15
4,33,9.92,14
4,34,10.22,15
4,35,10.01,16
4,36,10.13,15
4,37,9.86,14
4,38,10.09,15
4,39,9.86,15
4,40,9.91,15
4,41,10.14,16
4,42,9.57,18
4,43,9.92,15
4,44,9.73,17
4,45,9.53,13
4,46,9.51,15
4,47,10.31,17
4,48,9.83,16
4,0,9.75,19
4,1,10.19,15
4,2,10.08,16
4,3,9.94,16
4,4,9.96,14
4,5,10.24,17
4,6,10.11,16
4,7,10.41,17
4,8,10.14,16
4,9,10.03,15
4,10,10.21,17
4,11,10.03,16
4,12,9.9,16
4,13,10.55,15
4,14,10.04,17
4,15,9.89,17
4,16,9.87,15
4,17,10.28,15
4,18,9.88,15
4,19,10.22,16
4,20,10.12,16
4,21,9.82,15
4,22,10.07,16
4,23,10.05,14
4,24,10.35,15
4,25,9.59,15
4,26,10.08,17
4,27,9.99,16
4,28,10.23,16
4,29,9.97,15
4,30,9.82,15
4,31,9.93,16
4,32,9.77,15
4,33,9.92,14
4,34,10.22,15
4,35,10.01,16
4,36,10.13,15
4,37,9.86,14
4,38,10.09,15
4,39,9.86,15
4,40,9.91,15
4,41,10.14,16
4,42,9.57,18
4,43,9.92,15
4,44,9.73,17
4,45,9.53,13
4,46,9.51,15
4,47,10.31,17
4,48,9.83,16
4,49,9.74,15
25,0,10.2,15
25,0,10.2,15
25,1,10.12,16
25,0,10.2,15
25,1,10.12,16
25,2,9.47,16
25,0,10.2,15
25,1,10.12,16
25,2,9.47,16
25,3,10.09,17
25,0,10.2,15
25,1,10.12,16
25,2,9.47,16
25,3,10.09,17
25,4,9.76,14
25,0,10.2,15
25,1,10.12,16
25,2,9.47,16
25,3,10.09,17
25,4,9.76,14
25,5,10.06,16
25,0,10.2,15
25,1,10.12,16
25,2,9.47,16
25,3,10.09,17
25,4,9.76,14
25,5,10.06,16
25,6,9.91,17
25,0,10.2,15
25,1,10.12,16
25,2,9.47,16
25,3,10.09,17
25,4,9.76,14
25,5,10.06,16
25,6,9.91,17
25,7,10.0,16
25,0,10.2,15
25,1,10.12,16
25,2,9.47,16
25,3,10.09,17
25,4,9.76,14
25,5,10.06,16
25,6,9.91,17
25,7,10.0,16
25,8,10.34,16
25,0,10.2,15
25,1,10.12,16
25,2,9.47,16
25,3,10.09,17
25,4,9.76,14
25,5,10.06,16
25,6,9.91,17
25,7,10.0,16
25,8,10.34,16
25,9,10.3,17
25,0,10.2,15
25,1,10.12,16
25,2,9.47,16
25,3,10.09,17
25,4,9.76,14
25,5,10.06,16
25,6,9.91,17
25,7,10.0,16
25,8,10.34,16
25,9,10.3,17
25,10,10.19,14
25,0,10.2,15
25,1,10.12,16
25,2,9.47,16
25,3,10.09,17
25,4,9.76,14
25,5,10.06,16
25,6,9.91,17
25,7,10.0,16
25,8,10.34,16
25,9,10.3,17
25,10,10.19,14
25,11,9.94,17
25,0,10.2,15
25,1,10.12,16
25,2,9.47,16
25,3,10.09,17
25,4,9.76,14
25,5,10.06,16
25,6,9.91,17
25,7,10.0,16
25,8,10.34,16
25,9,10.3,17
25,10,10.19,14
25,11,9.94,17
25,12,10.16,15
25,0,10.2,15
25,1,10.12,16
25,2,9.47,16
25,3,10.09,17
25,4,9.76,14
25,5,10.06,16
25,6,9.91,17
25,7,10.0,16
25,8,10.34,16
25,9,10.3,17
25,10,10.19,14
25,11,9.94,17
25,12,10.16,15
25,13,10.03,16
25,0,10.2,15
25,1,10.12,16
25,2,9.47,16
25,3,10.09,17
25,4,9.76,14
25,5,10.06,16
25,6,9.91,17
25,7,10.0,16
25,8,10.34,16
25,9,10.3,17
25,10,10.19,14
25,11,9.94,17
25,12,10.16,15
25,13,10.03,16
25,14,10.04,16
25,0,10.2,15
25,1,10.12,16
25,2,9.47,16
25,3,10.09,17
25,4,9.76,14
25,5,10.06,16
25,6,9.91,17
25,7,10.0,16
25,8,10.34,16
25,9,10.3,17
25,10,10.19,14
25,11,9.94,17
25,12,10.16,15
25,13,10.03,16
25,14,10.04,16
25,15,10.09,15
25,0,10.2,15
25,1,10.12,16
25,2,9.47,16
25,3,10.09,17
25,4,9.76,14
25,5,10.06,16
25,6,9.91,17
25,7,10.0,16
25,8,10.34,16
25,9,10.3,17
25,10,10.19,14
25,11,9.94,17
25,12,10.16,15
25,13,10.03,16
25,14,10.04,16
25,15,10.09,15
25,16,9.96,16
25,0,10.2,15
25,1,10.12,16
25,2,9.47,16
25,3,10.09,17
25,4,9.76,14
25,5,10.06,16
25,6,9.91,17
25,7,10.0,16
25,8,10.34,16
25,9,10.3,17
25,10,10.19,14
25,11,9.94,17
25,12,10.16,15
25,13,10.03,16
25,14,10.04,16
25,15,10.09,15
25,16,9.96,16
25,17,10.37,15
25,0,10.2,15
25,1,10.12,16
25,2,9.47,16
25,3,10.09,17
25,4,9.76,14
25,5,10.06,16
25,6,9.91,17
25,7,10.0,16
25,8,10.34,16
25,9,10.3,17
25,10,10.19,14
25,11,9.94,17
25,12,10.16,15
25,13,10.03,16
25,14,10.04,16
25,15,10.09,15
25,16,9.96,16
25,17,10.37,15
25,18,9.81,17
25,0,10.2,15
25,1,10.12,16
25,2,9.47,16
25,3,10.09,17
25,4,9.76,14
25,5,10.06,16
25,6,9.91,17
25,7,10.0,16
25,8,10.34,16
25,9,10.3,17
25,10,10.19,14
25,11,9.94,17
25,12,10.16,15
25,13,10.03,16
25,14,10.04,16
25,15,10.09,15
25,16,9.96,16
25,17,10.37,15
25,18,9.81,17
25,19,10.03,15
25,0,10.2,15
25,1,10.12,16
25,2,9.47,16
25,3,10.09,17
25,4,9.76,14
25,5,10.06,16
25,6,9.91,17
25,7,10.0,16
25,8,10.34,16
25,9,10.3,17
25,10,10.19,14
25,11,9.94,17
25,12,10.16,15
25,13,10.03,16
25,14,10.04,16
25,15,10.09,15
25,16,9.96,16
25,17,10.37,15
25,18,9.81,17
25,19,10.03,15
25,20,9.81,15
25,0,10.2,15
25,1,10.12,16
25,2,9.47,16
25,3,10.09,17
25,4,9.76,14
25,5,10.06,16
25,6,9.91,17
25,7,10.0,16
25,8,10.34,16
25,9,10.3,17
25,10,10.19,14
25,11,9.94,17
25,12,10.16,15
25,13,10.03,16
25,14,10.04,16
25,15,10.09,15
25,16,9.96,16
25,17,10.37,15
25,18,9.81,17
25,19,10.03,15
25,20,9.81,15
25,21,10.18,16
25,0,10.2,15
25,1,10.12,16
25,2,9.47,16
25,3,10.09,17
25,4,9.76,14
25,5,10.06,16
25,6,9.91,17
25,7,10.0,16
25,8,10.34,16
25,9,10.3,17
25,10,10.19,14
25,11,9.94,17
25,12,10.16,15
25,13,10.03,16
25,14,10.04,16
25,15,10.09,15
25,16,9.96,16
25,17,10.37,15
25,18,9.81,17
25,19,10.03,15
25,20,9.81,15
25,21,10.18,16
25,22,10.46,15
25,0,10.2,15
25,1,10.12,16
25,2,9.47,16
25,3,10.09,17
25,4,9.76,14
25,5,10.06,16
25,6,9.91,17
25,7,10.0,16
25,8,10.34,16
25,9,10.3,17
25,10,10.19,14
25,11,9.94,17
25,12,10.16,15
25,13,10.03,16
25,14,10.04,16
25,15,10.09,15
25,16,9.96,16
25,17,10.37,15
25,18,9.81,17
25,19,10.03,15
25,20,9.81,15
25,21,10.18,16
25,22,10.46,15
25,23,10.09,16
25,0,10.2,15
25,1,10.12,16
25,2,9.47,16
25,3,10.09,17
25,4,9.76,14
25,5,10.06,16
25,6,9.91,17
25,7,10.0,16
25,8,10.34,16
25,9,10.3,17
25,10,10.19,14
25,11,9.94,17
25,12,10.16,15
25,13,10.03,16
25,14,10.04,16
25,15,10.09,15
25,16,9.96,16
25,17,10.37,15
25,18,9.81,17
25,19,10.03,15
25,20,9.81,15
25,21,10.18,16
25,22,10.46,15
25,23,10.09,16
25,24,9.93,14
25,0,10.2,15
25,1,10.12,16
25,2,9.47,16
25,3,10.09,17
25,4,9.76,14
25,5,10.06,16
25,6,9.91,17
25,7,10.0,16
25,8,10.34,16
25,9,10.3,17
25,10,10.19,14
25,11,9.94,17
25,12,10.16,15
25,13,10.03,16
25,14,10.04,16
25,15,10.09,15
25,16,9.96,16
25,17,10.37,15
25,18,9.81,17
25,19,10.03,15
25,20,9.81,15
25,21,10.18,16
25,22,10.46,15
25,23,10.09,16
25,24,9.93,14
25,25,10.17,16
25,0,10.2,15
25,1,10.12,16
25,2,9.47,16
25,3,10.09,17
25,4,9.76,14
25,5,10.06,16
25,6,9.91,17
25,7,10.0,16
25,8,10.34,16
25,9,10.3,17
25,10,10.19,14
25,11,9.94,17
25,12,10.16,15
25,13,10.03,16
25,14,10.04,16
25,15,10.09,15
25,16,9.96,16
25,17,10.37,15
25,18,9.81,17
25,19,10.03,15
25,20,9.81,15
25,21,10.18,16
25,22,10.46,15
25,23,10.09,16
25,24,9.93,14
25,25,10.17,16
25,26,9.59,15
25,0,10.2,15
25,1,10.12,16
25,2,9.47,16
25,3,10.09,17
25,4,9.76,14
25,5,10.06,16
25,6,9.91,17
25,7,10.0,16
25,8,10.34,16
25,9,10.3,17
25,10,10.19,14
25,11,9.94,17
25,12,10.16,15
25,13,10.03,16
25,14,10.04,16
25,15,10.09,15
25,16,9.96,16
25,17,10.37,15
25,18,9.81,17
25,19,10.03,15
25,20,9.81,15
25,21,10.18,16
25,22,10.46,15
25,23,10.09,16
25,24,9.93,14
25,25,10.17,16
25,26,9.59,15
25,27,9.8,16
25,0,10.2,15
25,1,10.12,16
25,2,9.47,16
25,3,10.09,17
25,4,9.76,14
25,5,10.06,16
25,6,9.91,17
25,7,10.0,16
25,8,10.34,16
25,9,10.3,17
25,10,10.19,14
25,11,9.94,17
25,12,10.16,15
25,13,10.03,16
25,14,10.04,16
25,15,10.09,15
25,16,9.96,16
25,17,10.37,15
25,18,9.81,17
25,19,10.03,15
25,20,9.81,15
25,21,10.18,16
25,22,10.46,15
25,23,10.09,16
25,24,9.93,14
25,25,10.17,16
25,26,9.59,15
25,27,9.8,16
25,28,9.92,16
25,0,10.2,15
25,1,10.12,16
25,2,9.47,16
25,3,10.09,17
25,4,9.76,14
25,5,10.06,16
25,6,9.91,17
25,7,10.0,16
25,8,10.34,16
25,9,10.3,17
25,10,10.19,14
25,11,9.94,17
25,12,10.16,15
25,13,10.03,16
25,14,10.04,16
25,15,10.09,15
25,16,9.96,16
25,17,10.37,15
25,18,9.81,17
25,19,10.03,15
25,20,9.81,15
25,21,10.18,16
25,22,10.46,15
25,23,10.09,16
25,24,9.93,14
25,25,10.17,16
25,26,9.59,15
25,27,9.8,16
25,28,9.92,16
25,29,10.11,15
25,0,10.2,15
25,1,10.12,16
25,2,9.47,16
25,3,10.09,17
25,4,9.76,14
25,5,10.06,16
25,6,9.91,17
25,7,10.0,16
25,8,10.34,16
25,9,10.3,17
25,10,10.19,14
25,11,9.94,17
25,12,10.16,15
25,13,10.03,16
25,14,10.04,16
25,15,10.09,15
25,16,9.96,16
25,17,10.37,15
25,18,9.81,17
25,19,10.03,15
25,20,9.81,15
25,21,10.18,16
25,22,10.46,15
25,23,10.09,16
25,24,9.93,14
25,25,10.17,16
25,26,9.59,15
25,27,9.8,16
25,28,9.92,16
25,29,10.11,15
25,30,9.75,17
25,0,10.2,15
25,1,10.12,16
25,2,9.47,16
25,3,10.09,17
25,4,9.76,14
25,5,10.06,16
25,6,9.91,17
25,7,10.0,16
25,8,10.34,16
25,9,10.3,17
25,10,10.19,14
25,11,9.94,17
25,12,10.16,15
25,13,10.03,16
25,14,10.04,16
25,15,10.09,15
25,16,9.96,16
25,17,10.37,15
25,18,9.81,17
25,19,10.03,15
25,20,9.81,15
25,21,10.18,16
25,22,10.46,15
25,23,10.09,16
25,24,9.93,14
25,25,10.17,16
25,26,9.59,15
25,27,9.8,16
25,28,9.92,16
25,29,10.11,15
25,30,9.75,17
25,31,9.98,16
25,0,10.2,15
25,1,10.12,16
25,2,9.47,16
25,3,10.09,17
25,4,9.76,14
25,5,10.06,16
25,6,9.91,17
25,7,10.0,16
25,8,10.34,16
25,9,10.3,17
25,10,10.19,14
25,11,9.94,17
25,12,10.16,15
25,13,10.03,16
25,14,10.04,16
25,15,10.09,15
25,16,9.96,16
25,17,10.37,15
25,18,9.81,17
25,19,10.03,15
25,20,9.81,15
25,21,10.18,16
25,22,10.46,15
25,23,10.09,16
25,24,9.93,14
25,25,10.17,16
25,26,9.59,15
25,27,9.8,16
25,28,9.92,16
25,29,10.11,15
25,30,9.75,17
25,31,9.98,16
25,32,10.26,16
25,0,10.2,15
25,1,10.12,16
25,2,9.47,16
25,3,10.09,17
25,4,9.76,14
25,5,10.06,16
25,6,9.91,17
25,7,10.0,16
25,8,10.34,16
25,9,10.3,17
25,10,10.19,14
25,11,9.94,17
25,12,10.16,15
25,13,10.03,16
25,14,10.04,16
25,15,10.09,15
25,16,9.96,16
25,17,10.37,15
25,18,9.81,17
25,19,10.03,15
25,20,9.81,15
25,21,10.18,16
25,22,10.46,15
25,23,10.09,16
25,24,9.93,14
25,25,10.17,16
25,26,9.59,15
25,27,9.8,16
25,28,9.92,16
25,29,10.11,15
25,30,9.75,17
25,31,9.98,16
25,32,10.26,16
25,33,10.03,15
25,0,10.2,15
25,1,10.12,16
25,2,9.47,16
25,3,10.09,17
25,4,9.76,14
25,5,10.06,16
25,6,9.91,17
25,7,10.0,16
25,8,10.34,16
25,9,10.3,17
25,10,10.19,14
25,11,9.94,17
25,12,10.16,15
25,13,10.03,16
25,14,10.04,16
25,15,10.09,15
25,16,9.96,16
25,17,10.37,15
25,18,9.81,17
25,19,10.03,15
25,20,9.81,15
25,21,10.18,16
25,22,10.46,15
25,23,10.09,16
25,24,9.93,14
25,25,10.17,16
25,26,9.59,15
25,27,9.8,16
25,28,9.92,16
25,29,10.11,15
25,30,9.75,17
25,31,9.98,16
25,32,10.26,16
25,33,10.03,15
25,34,10.43,16
25,0,10.2,15
25,1,10.12,16
25,2,9.47,16
25,3,10.09,17
25,4,9.76,14
25,5,10.06,16
25,6,9.91,17
25,7,10.0,16
25,8,10.34,16
25,9,10.3,17
25,10,10.19,14
25,11,9.94,17
25,12,10.16,15
25,13,10.03,16
25,14,10.04,16
25,15,10.09,15
25,16,9.96,16
25,17,10.37,15
25,18,9.81,17
25,19,10.03,15
25,20,9.81,15
25,21,10.18,16
25,22,10.46,15
25,23,10.09,16
25,24,9.93,14
25,25,10.17,16
25,26,9.59,15
25,27,9.8,16
25,28,9.92,16
25,29,10.11,15
25,30,9.75,17
25,31,9.98,16
25,32,10.26,16
25,33,10.03,15
25,34,10.43,16
25,35,9.64,15
25,0,10.2,15
25,1,10.12,16
25,2,9.47,16
25,3,10.09,17
25,4,9.76,14
25,5,10.06,16
25,6,9.91,17
25,7,10.0,16
25,8,10.34,16
25,9,10.3,17
25,10,10.19,14
25,11,9.94,17
25,12,10.16,15
25,13,10.03,16
25,14,10.04,16
25,15,10.09,15
25,16,9.96,16
25,17,10.37,15
25,18,9.81,17
25,19,10.03,15
25,20,9.81,15
25,21,10.18,16
25,22,10.46,15
25,23,10.09,16
25,24,9.93,14
25,25,10.17,16
25,26,9.59,15
25,27,9.8,16
25,28,9.92,16
25,29,10.11,15
25,30,9.75,17
25,31,9.98,16
25,32,10.26,16
25,33,10.03,15
25,34,10.43,16
25,35,9.64,15
25,36,9.92,15
25,0,10.2,15
25,1,10.12,16
25,2,9.47,16
25,3,10.09,17
25,4,9.76,14
25,5,10.06,16
25,6,9.91,17
25,7,10.0,16
25,8,10.34,16
25,9,10.3,17
25,10,10.19,14
25,11,9.94,17
25,12,10.16,15
25,13,10.03,16
25,14,10.04,16
25,15,10.09,15
25,16,9.96,16
25,17,10.37,15
25,18,9.81,17
25,19,10.03,15
25,20,9.81,15
25,21,10.18,16
25,22,10.46,15
25,23,10.09,16
25,24,9.93,14
25,25,10.17,16
25,26,9.59,15
25,27,9.8,16
25,28,9.92,16
25,29,10.11,15
25,30,9.75,17
25,31,9.98,16
25,32,10.26,16
25,33,10.03,15
25,34,10.43,16
25,35,9.64,15
25,36,9.92,15
25,37,9.95,15
25,0,10.2,15
25,1,10.12,16
25,2,9.47,16
25,3,10.09,17
25,4,9.76,14
25,5,10.06,16
25,6,9.91,17
25,7,10.0,16
25,8,10.34,16
25,9,10.3,17
25,10,10.19,14
25,11,9.94,17
25,12,10.16,15
25,13,10.03,16
25,14,10.04,16
25,15,10.09,15
25,16,9.96,16
25,17,10.37,15
25,18,9.81,17
25,19,10.03,15
25,20,9.81,15
25,21,10.18,16
25,22,10.46,15
25,23,10.09,16
25,24,9.93,14
25,25,10.17,16
25,26,9.59,15
25,27,9.8,16
25,28,9.92,16
25,29,10.11,15
25,30,9.75,17
25,31,9.98,16
25,32,10.26,16
25,33,10.03,15
25,34,10.43,16
25,35,9.64,15
25,36,9.92,15
25,37,9.95,15
25,38,10.26,16
25,0,10.2,15
25,1,10.12,16
25,2,9.47,16
25,3,10.09,17
25,4,9.76,14
25,5,10.06,16
25,6,9.91,17
25,7,10.0,16
25,8,10.34,16
25,9,10.3,17
25,10,10.19,14
25,11,9.94,17
25,12,10.16,15
25,13,10.03,16
25,14,10.04,16
25,15,10.09,15
25,16,9.96,16
25,17,10.37,15
25,18,9.81,17
25,19,10.03,15
25,20,9.81,15
25,21,10.18,16
25,22,10.46,15
25,23,10.09,16
25,24,9.93,14
25,25,10.17,16
25,26,9.59,15
25,27,9.8,16
25,28,9.92,16
25,29,10.11,15
25,30,9.75,17
25,31,9.98,16
25,32,10.26,16
25,33,10.03,15
25,34,10.43,16
25,35,9.64,15
25,36,9.92,15
25,37,9.95,15
25,38,10.26,16
25,39,10.16,16
25,0,10.2,15
25,1,10.12,16
25,2,9.47,16
25,3,10.09,17
25,4,9.76,14
25,5,10.06,16
25,6,9.91,17
25,7,10.0,16
25,8,10.34,16
25,9,10.3,17
25,10,10.19,14
25,11,9.94,17
25,12,10.16,15
25,13,10.03,16
25,14,10.04,16
25,15,10.09,15
25,16,9.96,16
25,17,10.37,15
25,18,9.81,17
25,19,10.03,15
25,20,9.81,15
25,21,10.18,16
25,22,10.46,15
25,23,10.09,16
25,24,9.93,14
25,25,10.17,16
25,26,9.59,15
25,27,9.8,16
25,28,9.92,16
25,29,10.11,15
25,30,9.75,17
25,31,9.98,16
25,32,10.26,16
25,33,10.03,15
25,34,10.43,16
25,35,9.64,15
25,36,9.92,15
25,37,9.95,15
25,38,10.26,16
25,39,10.16,16
25,40,9.73,18
25,0,10.2,15
25,1,10.12,16
25,2,9.47,16
25,3,10.09,17
25,4,9.76,14
25,5,10.06,16
25,6,9.91,17
25,7,10.0,16
25,8,10.34,16
25,9,10.3,17
25,10,10.19,14
25,11,9.94,17
25,12,10.16,15
25,13,10.03,16
25,14,10.04,16
25,15,10.09,15
25,16,9.96,16
25,17,10.37,15
25,18,9.81,17
25,19,10.03,15
25,20,9.81,15
25,21,10.18,16
25,22,10.46,15
25,23,10.09,16
25,24,9.93,14
25,25,10.17,16
25,26,9.59,15
25,27,9.8,16
25,28,9.92,16
25,29,10.11,15
25,30,9.75,17
25,31,9.98,16
25,32,10.26,16
25,33,10.03,15
25,34,10.43,16
25,35,9.64,15
25,36,9.92,15
25,37,9.95,15
25,38,10.26,16
25,39,10.16,16
25,40,9.73,18
25,41,10.14,16
25,0,10.2,15
25,1,10.12,16
25,2,9.47,16
25,3,10.09,17
25,4,9.76,14
25,5,10.06,16
25,6,9.91,17
25,7,10.0,16
25,8,10.34,16
25,9,10.3,17
25,10,10.19,14
25,11,9.94,17
25,12,10.16,15
25,13,10.03,16
25,14,10.04,16
25,15,10.09,15
25,16,9.96,16
25,17,10.37,15
25,18,9.81,17
25,19,10.03,15
25,20,9.81,15
25,21,10.18,16
25,22,10.46,15
25,23,10.09,16
25,24,9.93,14
25,25,10.17,16
25,26,9.59,15
25,27,9.8,16
25,28,9.92,16
25,29,10.11,15
25,30,9.75,17
25,31,9.98,16
25,32,10.26,16
25,33,10.03,15
25,34,10.43,16
25,35,9.64,15
25,36,9.92,15
25,37,9.95,15
25,38,10.26,16
25,39,10.16,16
25,40,9.73,18
25,41,10.14,16
25,42,10.21,16
25,0,10.2,15
25,1,10.12,16
25,2,9.47,16
25,3,10.09,17
25,4,9.76,14
25,5,10.06,16
25,6,9.91,17
25,7,10.0,16
25,8,10.34,16
25,9,10.3,17
25,10,10.19,14
25,11,9.94,17
25,12,10.16,15
25,13,10.03,16
25,14,10.04,16
25,15,10.09,15
25,16,9.96,16
25,17,10.37,15
25,18,9.81,17
25,19,10.03,15
25,20,9.81,15
25,21,10.18,16
25,22,10.46,15
25,23,10.09,16
25,24,9.93,14
25,25,10.17,16
25,26,9.59,15
25,27,9.8,16
25,28,9.92,16
25,29,10.11,15
25,30,9.75,17
25,31,9.98,16
25,32,10.26,16
25,33,10.03,15
25,34,10.43,16
25,35,9.64,15
25,36,9.92,15
25,37,9.95,15
25,38,10.26,16
25,39,10.16,16
25,40,9.73,18
25,41,10.14,16
25,42,10.21,16
25,43,10.31,16
25,0,10.2,15
25,1,10.12,16
25,2,9.47,16
25,3,10.09,17
25,4,9.76,14
25,5,10.06,16
25,6,9.91,17
25,7,10.0,16
25,8,10.34,16
25,9,10.3,17
25,10,10.19,14
25,11,9.94,17
25,12,10.16,15
25,13,10.03,16
25,14,10.04,16
25,15,10.09,15
25,16,9.96,16
25,17,10.37,15
25,18,9.81,17
25,19,10.03,15
25,20,9.81,15
25,21,10.18,16
25,22,10.46,15
25,23,10.09,16
25,24,9.93,14
25,25,10.17,16
25,26,9.59,15
25,27,9.8,16
25,28,9.92,16
25,29,10.11,15
25,30,9.75,17
25,31,9.98,16
25,32,10.26,16
25,33,10.03,15
25,34,10.43,16
25,35,9.64,15
25,36,9.92,15
25,37,9.95,15
25,38,10.26,16
25,39,10.16,16
25,40,9.73,18
25,41,10.14,16
25,42,10.21,16
25,43,10.31,16
25,44,10.11,14
25,0,10.2,15
25,1,10.12,16
25,2,9.47,16
25,3,10.09,17
25,4,9.76,14
25,5,10.06,16
25,6,9.91,17
25,7,10.0,16
25,8,10.34,16
25,9,10.3,17
25,10,10.19,14
25,11,9.94,17
25,12,10.16,15
25,13,10.03,16
25,14,10.04,16
25,15,10.09,15
25,16,9.96,16
25,17,10.37,15
25,18,9.81,17
25,19,10.03,15
25,20,9.81,15
25,21,10.18,16
25,22,10.46,15
25,23,10.09,16
25,24,9.93,14
25,25,10.17,16
25,26,9.59,15
25,27,9.8,16
25,28,9.92,16
25,29,10.11,15
25,30,9.75,17
25,31,9.98,16
25,32,10.26,16
25,33,10.03,15
25,34,10.43,16
25,35,9.64,15
25,36,9.92,15
25,37,9.95,15
25,38,10.26,16
25,39,10.16,16
25,40,9.73,18
25,41,10.14,16
25,42,10.21,16
25,43,10.31,16
25,44,10.11,14
25,45,9.98,18
25,0,10.2,15
25,1,10.12,16
25,2,9.47,16
25,3,10.09,17
25,4,9.76,14
25,5,10.06,16
25,6,9.91,17
25,7,10.0,16
25,8,10.34,16
25,9,10.3,17
25,10,10.19,14
25,11,9.94,17
25,12,10.16,15
25,13,10.03,16
25,14,10.04,16
25,15,10.09,15
25,16,9.96,16
25,17,10.37,15
25,18,9.81,17
25,19,10.03,15
25,20,9.81,15
25,21,10.18,16
25,22,10.46,15
25,23,10.09,16
25,24,9.93,14
25,25,10.17,16
25,26,9.59,15
25,27,9.8,16
25,28,9.92,16
25,29,10.11,15
25,30,9.75,17
25,31,9.98,16
25,32,10.26,16
25,33,10.03,15
25,34,10.43,16
25,35,9.64,15
25,36,9.92,15
25,37,9.95,15
25,38,10.26,16
25,39,10.16,16
25,40,9.73,18
25,41,10.14,16
25,42,10.21,16
25,43,10.31,16
25,44,10.11,14
25,45,9.98,18
25,46,10.3,16
25,0,10.2,15
25,1,10.12,16
25,2,9.47,16
25,3,10.09,17
25,4,9.76,14
25,5,10.06,16
25,6,9.91,17
25,7,10.0,16
25,8,10.34,16
25,9,10.3,17
25,10,10.19,14
25,11,9.94,17
25,12,10.16,15
25,13,10.03,16
25,14,10.04,16
25,15,10.09,15
25,16,9.96,16
25,17,10.37,15
25,18,9.81,17
25,19,10.03,15
25,20,9.81,15
25,21,10.18,16
25,22,10.46,15
25,23,10.09,16
25,24,9.93,14
25,25,10.17,16
25,26,9.59,15
25,27,9.8,16
25,28,9.92,16
25,29,10.11,15
25,30,9.75,17
25,31,9.98,16
25,32,10.26,16
25,33,10.03,15
25,34,10.43,16
25,35,9.64,15
25,36,9.92,15
25,37,9.95,15
25,38,10.26,16
25,39,10.16,16
25,40,9.73,18
25,41,10.14,16
25,42,10.21,16
25,43,10.31,16
25,44,10.11,14
25,45,9.98,18
25,46,10.3,16
25,47,10.02,15
25,0,10.2,15
25,1,10.12,16
25,2,9.47,16
25,3,10.09,17
25,4,9.76,14
25,5,10.06,16
25,6,9.91,17
25,7,10.0,16
25,8,10.34,16
25,9,10.3,17
25,10,10.19,14
25,11,9.94,17
25,12,10.16,15
25,13,10.03,16
25,14,10.04,16
25,15,10.09,15
25,16,9.96,16
25,17,10.37,15
25,18,9.81,17
25,19,10.03,15
25,20,9.81,15
25,21,10.18,16
25,22,10.46,15
25,23,10.09,16
25,24,9.93,14
25,25,10.17,16
25,26,9.59,15
25,27,9.8,16
25,28,9.92,16
25,29,10.11,15
25,30,9.75,17
25,31,9.98,16
25,32,10.26,16
25,33,10.03,15
25,34,10.43,16
25,35,9.64,15
25,36,9.92,15
25,37,9.95,15
25,38,10.26,16
25,39,10.16,16
25,40,9.73,18
25,41,10.14,16
25,42,10.21,16
25,43,10.31,16
25,44,10.11,14
25,45,9.98,18
25,46,10.3,16
25,47,10.02,15
25,48,10.14,15
25,0,10.2,15
25,1,10.12,16
25,2,9.47,16
25,3,10.09,17
25,4,9.76,14
25,5,10.06,16
25,6,9.91,17
25,7,10.0,16
25,8,10.34,16
25,9,10.3,17
25,10,10.19,14
25,11,9.94,17
25,12,10.16,15
25,13,10.03,16
25,14,10.04,16
25,15,10.09,15
25,16,9.96,16
25,17,10.37,15
25,18,9.81,17
25,19,10.03,15
25,20,9.81,15
25,21,10.18,16
25,22,10.46,15
25,23,10.09,16
25,24,9.93,14
25,25,10.17,16
25,26,9.59,15
25,27,9.8,16
25,28,9.92,16
25,29,10.11,15
25,30,9.75,17
25,31,9.98,16
25,32,10.26,16
25,33,10.03,15
25,34,10.43,16
25,35,9.64,15
25,36,9.92,15
25,37,9.95,15
25,38,10.26,16
25,39,10.16,16
25,40,9.73,18
25,41,10.14,16
25,42,10.21,16
25,43,10.31,16
25,44,10.11,14
25,45,9.98,18
25,46,10.3,16
25,47,10.02,15
25,48,10.14,15
25,49,10.12,15
41,0,9.98,14
41,0,9.98,14
41,1,10.04,14
41,0,9.98,14
41,1,10.04,14
41,2,10.14,14
41,0,9.98,14
41,1,10.04,14
41,2,10.14,14
41,3,9.75,14
41,0,9.98,14
41,1,10.04,14
41,2,10.14,14
41,3,9.75,14
41,4,10.03,16
41,0,9.98,14
41,1,10.04,14
41,2,10.14,14
41,3,9.75,14
41,4,10.03,16
41,5,9.8,17
41,0,9.98,14
41,1,10.04,14
41,2,10.14,14
41,3,9.75,14
41,4,10.03,16
41,5,9.8,17
41,6,9.8,15
41,0,9.98,14
41,1,10.04,14
41,2,10.14,14
41,3,9.75,14
41,4,10.03,16
41,5,9.8,17
41,6,9.8,15
41,7,10.2,15
41,0,9.98,14
41,1,10.04,14
41,2,10.14,14
41,3,9.75,14
41,4,10.03,16
41,5,9.8,17
41,6,9.8,15
41,7,10.2,15
41,8,9.81,16
41,0,9.98,14
41,1,10.04,14
41,2,10.14,14
41,3,9.75,14
41,4,10.03,16
41,5,9.8,17
41,6,9.8,15
41,7,10.2,15
41,8,9.81,16
41,9,10.11,16
41,0,9.98,14
41,1,10.04,14
41,2,10.14,14
41,3,9.75,14
41,4,10.03,16
41,5,9.8,17
41,6,9.8,15
41,7,10.2,15
41,8,9.81,16
41,9,10.11,16
41,10,9.88,15
41,0,9.98,14
41,1,10.04,14
41,2,10.14,14
41,3,9.75,14
41,4,10.03,16
41,5,9.8,17
41,6,9.8,15
41,7,10.2,15
41,8,9.81,16
41,9,10.11,16
41,10,9.88,15
41,11,10.09,15
41,0,9.98,14
41,1,10.04,14
41,2,10.14,14
41,3,9.75,14
41,4,10.03,16
41,5,9.8,17
41,6,9.8,15
41,7,10.2,15
41,8,9.81,16
41,9,10.11,16
41,10,9.88,15
41,11,10.09,15
41,12,10.13,15
41,0,9.98,14
41,1,10.04,14
41,2,10.14,14
41,3,9.75,14
41,4,10.03,16
41,5,9.8,17
41,6,9.8,15
41,7,10.2,15
41,8,9.81,16
41,9,10.11,16
41,10,9.88,15
41,11,10.09,15
41,12,10.13,15
41,13,9.93,16
41,0,9.98,14
41,1,10.04,14
41,2,10.14,14
41,3,9.75,14
41,4,10.03,16
41,5,9.8,17
41,6,9.8,15
41,7,10.2,15
41,8,9.81,16
41,9,10.11,16
41,10,9.88,15
41,11,10.09,15
41,12,10.13,15
41,13,9.93,16
41,14,10.08,15
41,0,9.98,14
41,1,10.04,14
41,2,10.14,14
41,3,9.75,14
41,4,10.03,16
41,5,9.8,17
41,6,9.8,15
41,7,10.2,15
41,8,9.81,16
41,9,10.11,16
41,10,9.88,15
41,11,10.09,15
41,12,10.13,15
41,13,9.93,16
41,14,10.08,15
41,15,9.83,16
41,0,9.98,14
41,1,10.04,14
41,2,10.14,14
41,3,9.75,14
41,4,10.03,16
41,5,9.8,17
41,6,9.8,15
41,7,10.2,15
41,8,9.81,16
41,9,10.11,16
41,10,9.88,15
41,11,10.09,15
41,12,10.13,15
41,13,9.93,16
41,14,10.08,15
41,15,9.83,16
41,16,10.13,16
41,0,9.98,14
41,1,10.04,14
41,2,10.14,14
41,3,9.75,14
41,4,10.03,16
41,5,9.8,17
41,6,9.8,15
41,7,10.2,15
41,8,9.81,16
41,9,10.11,16
41,10,9.88,15
41,11,10.09,15
41,12,10.13,15
41,13,9.93,16
41,14,10.08,15
41,15,9.83,16
41,16,10.13,16
41,17,10.17,17
41,0,9.98,14
41,1,10.04,14
41,2,10.14,14
41,3,9.75,14
41,4,10.03,16
41,5,9.8,17
41,6,9.8,15
41,7,10.2,15
41,8,9.81,16
41,9,10.11,16
41,10,9.88,15
41,11,10.09,15
41,12,10.13,15
41,13,9.93,16
41,14,10.08,15
41,15,9.83,16
41,16,10.13,16
41,17,10.17,17
41,18,10.2,15
41,0,9.98,14
41,1,10.04,14
41,2,10.14,14
41,3,9.75,14
41,4,10.03,16
41,5,9.8,17
41,6,9.8,15
41,7,10.2,15
41,8,9.81,16
41,9,10.11,16
41,10,9.88,15
41,11,10.09,15
41,12,10.13,15
41,13,9.93,16
41,14,10.08,15
41,15,9.83,16
41,16,10.13,16
41,17,10.17,17
41,18,10.2,15
41,19,9.77,14
41,0,9.98,14
41,1,10.04,14
41,2,10.14,14
41,3,9.75,14
41,4,10.03,16
41,5,9.8,17
41,6,9.8,15
41,7,10.2,15
41,8,9.81,16
41,9,10.11,16
41,10,9.88,15
41,11,10.09,15
41,12,10.13,15
41,13,9.93,16
41,14,10.08,15
41,15,9.83,16
41,16,10.13,16
41,17,10.17,17
41,18,10.2,15
41,19,9.77,14
41,20,10.2,15
41,0,9.98,14
41,1,10.04,14
41,2,10.14,14
41,3,9.75,14
41,4,10.03,16
41,5,9.8,17
41,6,9.8,15
41,7,10.2,15
41,8,9.81,16
41,9,10.11,16
41,10,9.88,15
41,11,10.09,15
41,12,10.13,15
41,13,9.93,16
41,14,10.08,15
41,15,9.83,16
41,16,10.13,16
41,17,10.17,17
41,18,10.2,15
41,19,9.77,14
41,20,10.2,15
41,21,9.96,16
41,0,9.98,14
41,1,10.04,14
41,2,10.14,14
41,3,9.75,14
41,4,10.03,16
41,5,9.8,17
41,6,9.8,15
41,7,10.2,15
41,8,9.81,16
41,9,10.11,16
41,10,9.88,15
41,11,10.09,15
41,12,10.13,15
41,13,9.93,16
41,14,10.08,15
41,15,9.83,16
41,16,10.13,16
41,17,10.17,17
41,18,10.2,15
41,19,9.77,14
41,20,10.2,15
41,21,9.96,16
41,22,10.1,16
41,0,9.98,14
41,1,10.04,14
41,2,10.14,14
41,3,9.75,14
41,4,10.03,16
41,5,9.8,17
41,6,9.8,15
41,7,10.2,15
41,8,9.81,16
41,9,10.11,16
41,10,9.88,15
41,11,10.09,15
41,12,10.13,15
41,13,9.93,16
41,14,10.08,15
41,15,9.83,16
41,16,10.13,16
41,17,10.17,17
41,18,10.2,15
41,19,9.77,14
41,20,10.2,15
41,21,9.96,16
41,22,10.1,16
41,23,9.83,15
41,0,9.98,14
41,1,10.04,14
41,2,10.14,14
41,3,9.75,14
41,4,10.03,16
41,5,9.8,17
41,6,9.8,15
41,7,10.2,15
41,8,9.81,16
41,9,10.11,16
41,10,9.88,15
41,11,10.09,15
41,12,10.13,15
41,13,9.93,16
41,14,10.08,15
41,15,9.83,16
41,16,10.13,16
41,17,10.17,17
41,18,10.2,15
41,19,9.77,14
41,20,10.2,15
41,21,9.96,16
41,22,10.1,16
41,23,9.83,15
41,24,9.99,17
41,0,9.98,14
41,1,10.04,14
41,2,10.14,14
41,3,9.75,14
41,4,10.03,16
41,5,9.8,17
41,6,9.8,15
41,7,10.2,15
41,8,9.81,16
41,9,10.11,16
41,10,9.88,15
41,11,10.09,15
41,12,10.13,15
41,13,9.93,16
41,14,10.08,15
41,15,9.83,16
41,16,10.13,16
41,17,10.17,17
41,18,10.2,15
41,19,9.77,14
41,20,10.2,15
41,21,9.96,16
41,22,10.1,16
41,23,9.83,15
41,24,9.99,17
41,25,10.06,16
41,0,9.98,14
41,1,10.04,14
41,2,10.14,14
41,3,9.75,14
41,4,10.03,16
41,5,9.8,17
41,6,9.8,15
41,7,10.2,15
41,8,9.81,16
41,9,10.11,16
41,10,9.88,15
41,11,10.09,15
41,12,10.13,15
41,13,9.93,16
41,14,10.08,15
41,15,9.83,16
41,16,10.13,16
41,17,10.17,17
41,18,10.2,15
41,19,9.77,14
41,20,10.2,15
41,21,9.96,16
41,22,10.1,16
41,23,9.83,15
41,24,9.99,17
41,25,10.06,16
41,26,10.3,15
41,0,9.98,14
41,1,10.04,14
41,2,10.14,14
41,3,9.75,14
41,4,10.03,16
41,5,9.8,17
41,6,9.8,15
41,7,10.2,15
41,8,9.81,16
41,9,10.11,16
41,10,9.88,15
41,11,10.09,15
41,12,10.13,15
41,13,9.93,16
41,14,10.08,15
41,15,9.83,16
41,16,10.13,16
41,17,10.17,17
41,18,10.2,15
41,19,9.77,14
41,20,10.2,15
41,21,9.96,16
41,22,10.1,16
41,23,9.83,15
41,24,9.99,17
41,25,10.06,16
41,26,10.3,15
41,27,9.74,18
41,0,9.98,14
41,1,10.04,14
41,2,10.14,14
41,3,9.75,14
41,4,10.03,16
41,5,9.8,17
41,6,9.8,15
41,7,10.2,15
41,8,9.81,16
41,9,10.11,16
41,10,9.88,15
41,11,10.09,15
41,12,10.13,15
41,13,9.93,16
41,14,10.08,15
41,15,9.83,16
41,16,10.13,16
41,17,10.17,17
41,18,10.2,15
41,19,9.77,14
41,20,10.2,15
41,21,9.96,16
41,22,10.1,16
41,23,9.83,15
41,24,9.99,17
41,25,10.06,16
41,26,10.3,15
41,27,9.74,18
41,28,10.13,16
41,0,9.98,14
41,1,10.04,14
41,2,10.14,14
41,3,9.75,14
41,4,10.03,16
41,5,9.8,17
41,6,9.8,15
41,7,10.2,15
41,8,9.81,16
41,9,10.11,16
41,10,9.88,15
41,11,10.09,15
41,12,10.13,15
41,13,9.93,16
41,14,10.08,15
41,15,9.83,16
41,16,10.13,16
41,17,10.17,17
41,18,10.2,15
41,19,9.77,14
41,20,10.2,15
41,21,9.96,16
41,22,10.1,16
41,23,9.83,15
41,24,9.99,17
41,25,10.06,16
41,26,10.3,15
41,27,9.74,18
41,28,10.13,16
41,29,10.13,15
41,0,9.98,14
41,1,10.04,14
41,2,10.14,14
41,3,9.75,14
41,4,10.03,16
41,5,9.8,17
41,6,9.8,15
41,7,10.2,15
41,8,9.81,16
41,9,10.11,16
41,10,9.88,15
41,11,10.09,15
41,12,10.13,15
41,13,9.93,16
41,14,10.08,15
41,15,9.83,16
41,16,10.13,16
41,17,10.17,17
41,18,10.2,15
41,19,9.77,14
41,20,10.2,15
41,21,9.96,16
41,22,10.1,16
41,23,9.83,15
41,24,9.99,17
41,25,10.06,16
41,26,10.3,15
41,27,9.74,18
41,28,10.13,16
41,29,10.13,15
41,30,10.12,16
41,0,9.98,14
41,1,10.04,14
41,2,10.14,14
41,3,9.75,14
41,4,10.03,16
41,5,9.8,17
41,6,9.8,15
41,7,10.2,15
41,8,9.81,16
41,9,10.11,16
41,10,9.88,15
41,11,10.09,15
41,12,10.13,15
41,13,9.93,16
41,14,10.08,15
41,15,9.83,16
41,16,10.13,16
41,17,10.17,17
41,18,10.2,15
41,19,9.77,14
41,20,10.2,15
41,21,9.96,16
41,22,10.1,16
41,23,9.83,15
41,24,9.99,17
41,25,10.06,16
41,26,10.3,15
41,27,9.74,18
41,28,10.13,16
41,29,10.13,15
41,30,10.12,16
41,31,10.4,16
41,0,9.98,14
41,1,10.04,14
41,2,10.14,14
41,3,9.75,14
41,4,10.03,16
41,5,9.8,17
41,6,9.8,15
41,7,10.2,15
41,8,9.81,16
41,9,10.11,16
41,10,9.88,15
41,11,10.09,15
41,12,10.13,15
41,13,9.93,16
41,14,10.08,15
41,15,9.83,16
41,16,10.13,16
41,17,10.17,17
41,18,10.2,15
41,19,9.77,14
41,20,10.2,15
41,21,9.96,16
41,22,10.1,16
41,23,9.83,15
41,24,9.99,17
41,25,10.06,16
41,26,10.3,15
41,27,9.74,18
41,28,10.13,16
41,29,10.13,15
41,30,10.12,16
41,31,10.4,16
41,32,9.96,14
41,0,9.98,14
41,1,10.04,14
41,2,10.14,14
41,3,9.75,14
41,4,10.03,16
41,5,9.8,17
41,6,9.8,15
41,7,10.2,15
41,8,9.81,16
41,9,10.11,16
41,10,9.88,15
41,11,10.09,15
41,12,10.13,15
41,13,9.93,16
41,14,10.08,15
41,15,9.83,16
41,16,10.13,16
41,17,10.17,17
41,18,10.2,15
41,19,9.77,14
41,20,10.2,15
41,21,9.96,16
41,22,10.1,16
41,23,9.83,15
41,24,9.99,17
41,25,10.06,16
41,26,10.3,15
41,27,9.74,18
41,28,10.13,16
41,29,10.13,15
41,30,10.12,16
41,31,10.4,16
41,32,9.96,14
41,33,10.24,15
41,0,9.98,14
41,1,10.04,14
41,2,10.14,14
41,3,9.75,14
41,4,10.03,16
41,5,9.8,17
41,6,9.8,15
41,7,10.2,15
41,8,9.81,16
41,9,10.11,16
41,10,9.88,15
41,11,10.09,15
41,12,10.13,15
41,13,9.93,16
41,14,10.08,15
41,15,9.83,16
41,16,10.13,16
41,17,10.17,17
41,18,10.2,15
41,19,9.77,14
41,20,10.2,15
41,21,9.96,16
41,22,10.1,16
41,23,9.83,15
41,24,9.99,17
41,25,10.06,16
41,26,10.3,15
41,27,9.74,18
41,28,10.13,16
41,29,10.13,15
41,30,10.12,16
41,31,10.4,16
41,32,9.96,14
41,33,10.24,15
41,34,9.67,15
41,0,9.98,14
41,1,10.04,14
41,2,10.14,14
41,3,9.75,14
41,4,10.03,16
41,5,9.8,17
41,6,9.8,15
41,7,10.2,15
41,8,9.81,16
41,9,10.11,16
41,10,9.88,15
41,11,10.09,15
41,12,10.13,15
41,13,9.93,16
41,14,10.08,15
41,15,9.83,16
41,16,10.13,16
41,17,10.17,17
41,18,10.2,15
41,19,9.77,14
41,20,10.2,15
41,21,9.96,16
41,22,10.1,16
41,23,9.83,15
41,24,9.99,17
41,25,10.06,16
41,26,10.3,15
41,27,9.74,18
41,28,10.13,16
41,29,10.13,15
41,30,10.12,16
41,31,10.4,16
41,32,9.96,14
41,33,10.24,15
41,34,9.67,15
41,35,9.94,16
41,0,9.98,14
41,1,10.04,14
41,2,10.14,14
41,3,9.75,14
41,4,10.03,16
41,5,9.8,17
41,6,9.8,15
41,7,10.2,15
41,8,9.81,16
41,9,10.11,16
41,10,9.88,15
41,11,10.09,15
41,12,10.13,15
41,13,9.93,16
41,14,10.08,15
41,15,9.83,16
41,16,10.13,16
41,17,10.17,17
41,18,10.2,15
41,19,9.77,14
41,20,10.2,15
41,21,9.96,16
41,22,10.1,16
41,23,9.83,15
41,24,9.99,17
41,25,10.06,16
41,26,10.3,15
41,27,9.74,18
41,28,10.13,16
41,29,10.13,15
41,30,10.12,16
41,31,10.4,16
41,32,9.96,14
41,33,10.24,15
41,34,9.67,15
41,35,9.94,16
41,36,9.95,15
41,0,9.98,14
41,1,10.04,14
41,2,10.14,14
41,3,9.75,14
41,4,10.03,16
41,5,9.8,17
41,6,9.8,15
41,7,10.2,15
41,8,9.81,16
41,9,10.11,16
41,10,9.88,15
41,11,10.09,15
41,12,10.13,15
41,13,9.93,16
41,14,10.08,15
41,15,9.83,16
41,16,10.13,16
41,17,10.17,17
41,18,10.2,15
41,19,9.77,14
41,20,10.2,15
41,21,9.96,16
41,22,10.1,16
41,23,9.83,15
41,24,9.99,17
41,25,10.06,16
41,26,10.3,15
41,27,9.74,18
41,28,10.13,16
41,29,10.13,15
41,30,10.12,16
41,31,10.4,16
41,32,9.96,14
41,33,10.24,15
41,34,9.67,15
41,35,9.94,16
41,36,9.95,15
41,37,9.65,15
41,0,9.98,14
41,1,10.04,14
41,2,10.14,14
41,3,9.75,14
41,4,10.03,16
41,5,9.8,17
41,6,9.8,15
41,7,10.2,15
41,8,9.81,16
41,9,10.11,16
41,10,9.88,15
41,11,10.09,15
41,12,10.13,15
41,13,9.93,16
41,14,10.08,15
41,15,9.83,16
41,16,10.13,16
41,17,10.17,17
41,18,10.2,15
41,19,9.77,14
41,20,10.2,15
41,21,9.96,16
41,22,10.1,16
41,23,9.83,15
41,24,9.99,17
41,25,10.06,16
41,26,10.3,15
41,27,9.74,18
41,28,10.13,16
41,29,10.13,15
41,30,10.12,16
41,31,10.4,16
41,32,9.96,14
41,33,10.24,15
41,34,9.67,15
41,35,9.94,16
41,36,9.95,15
41,37,9.65,15
41,38,9.95,15
41,0,9.98,14
41,1,10.04,14
41,2,10.14,14
41,3,9.75,14
41,4,10.03,16
41,5,9.8,17
41,6,9.8,15
41,7,10.2,15
41,8,9.81,16
41,9,10.11,16
41,10,9.88,15
41,11,10.09,15
41,12,10.13,15
41,13,9.93,16
41,14,10.08,15
41,15,9.83,16
41,16,10.13,16
41,17,10.17,17
41,18,10.2,15
41,19,9.77,14
41,20,10.2,15
41,21,9.96,16
41,22,10.1,16
41,23,9.83,15
41,24,9.99,17
41,25,10.06,16
41,26,10.3,15
41,27,9.74,18
41,28,10.13,16
41,29,10.13,15
41,30,10.12,16
41,31,10.4,16
41,32,9.96,14
41,33,10.24,15
41,34,9.67,15
41,35,9.94,16
41,36,9.95,15
41,37,9.65,15
41,38,9.95,15
41,39,10.2,15
41,0,9.98,14
41,1,10.04,14
41,2,10.14,14
41,3,9.75,14
41,4,10.03,16
41,5,9.8,17
41,6,9.8,15
41,7,10.2,15
41,8,9.81,16
41,9,10.11,16
41,10,9.88,15
41,11,10.09,15
41,12,10.13,15
41,13,9.93,16
41,14,10.08,15
41,15,9.83,16
41,16,10.13,16
41,17,10.17,17
41,18,10.2,15
41,19,9.77,14
41,20,10.2,15
41,21,9.96,16
41,22,10.1,16
41,23,9.83,15
41,24,9.99,17
41,25,10.06,16
41,26,10.3,15
41,27,9.74,18
41,28,10.13,16
41,29,10.13,15
41,30,10.12,16
41,31,10.4,16
41,32,9.96,14
41,33,10.24,15
41,34,9.67,15
41,35,9.94,16
41,36,9.95,15
41,37,9.65,15
41,38,9.95,15
41,39,10.2,15
41,40,9.77,15
41,0,9.98,14
41,1,10.04,14
41,2,10.14,14
41,3,9.75,14
41,4,10.03,16
41,5,9.8,17
41,6,9.8,15
41,7,10.2,15
41,8,9.81,16
41,9,10.11,16
41,10,9.88,15
41,11,10.09,15
41,12,10.13,15
41,13,9.93,16
41,14,10.08,15
41,15,9.83,16
41,16,10.13,16
41,17,10.17,17
41,18,10.2,15
41,19,9.77,14
41,20,10.2,15
41,21,9.96,16
41,22,10.1,16
41,23,9.83,15
41,24,9.99,17
41,25,10.06,16
41,26,10.3,15
41,27,9.74,18
41,28,10.13,16
41,29,10.13,15
41,30,10.12,16
41,31,10.4,16
41,32,9.96,14
41,33,10.24,15
41,34,9.67,15
41,35,9.94,16
41,36,9.95,15
41,37,9.65,15
41,38,9.95,15
41,39,10.2,15
41,40,9.77,15
41,41,10.1,16
41,0,9.98,14
41,1,10.04,14
41,2,10.14,14
41,3,9.75,14
41,4,10.03,16
41,5,9.8,17
41,6,9.8,15
41,7,10.2,15
41,8,9.81,16
41,9,10.11,16
41,10,9.88,15
41,11,10.09,15
41,12,10.13,15
41,13,9.93,16
41,14,10.08,15
41,15,9.83,16
41,16,10.13,16
41,17,10.17,17
41,18,10.2,15
41,19,9.77,14
41,20,10.2,15
41,21,9.96,16
41,22,10.1,16
41,23,9.83,15
41,24,9.99,17
41,25,10.06,16
41,26,10.3,15
41,27,9.74,18
41,28,10.13,16
41,29,10.13,15
41,30,10.12,16
41,31,10.4,16
41,32,9.96,14
41,33,10.24,15
41,34,9.67,15
41,35,9.94,16
41,36,9.95,15
41,37,9.65,15
41,38,9.95,15
41,39,10.2,15
41,40,9.77,15
41,41,10.1,16
41,42,10.04,16
41,0,9.98,14
41,1,10.04,14
41,2,10.14,14
41,3,9.75,14
41,4,10.03,16
41,5,9.8,17
41,6,9.8,15
41,7,10.2,15
41,8,9.81,16
41,9,10.11,16
41,10,9.88,15
41,11,10.09,15
41,12,10.13,15
41,13,9.93,16
41,14,10.08,15
41,15,9.83,16
41,16,10.13,16
41,17,10.17,17
41,18,10.2,15
41,19,9.77,14
41,20,10.2,15
41,21,9.96,16
41,22,10.1,16
41,23,9.83,15
41,24,9.99,17
41,25,10.06,16
41,26,10.3,15
41,27,9.74,18
41,28,10.13,16
41,29,10.13,15
41,30,10.12,16
41,31,10.4,16
41,32,9.96,14
41,33,10.24,15
41,34,9.67,15
41,35,9.94,16
41,36,9.95,15
41,37,9.65,15
41,38,9.95,15
41,39,10.2,15
41,40,9.77,15
41,41,10.1,16
41,42,10.04,16
41,43,9.74,16
41,0,9.98,14
41,1,10.04,14
41,2,10.14,14
41,3,9.75,14
41,4,10.03,16
41,5,9.8,17
41,6,9.8,15
41,7,10.2,15
41,8,9.81,16
41,9,10.11,16
41,10,9.88,15
41,11,10.09,15
41,12,10.13,15
41,13,9.93,16
41,14,10.08,15
41,15,9.83,16
41,16,10.13,16
41,17,10.17,17
41,18,10.2,15
41,19,9.77,14
41,20,10.2,15
41,21,9.96,16
41,22,10.1,16
41,23,9.83,15
41,24,9.99,17
41,25,10.06,16
41,26,10.3,15
41,27,9.74,18
41,28,10.13,16
41,29,10.13,15
41,30,10.12,16
41,31,10.4,16
41,32,9.96,14
41,33,10.24,15
41,34,9.67,15
41,35,9.94,16
41,36,9.95,15
41,37,9.65,15
41,38,9.95,15
41,39,10.2,15
41,40,9.77,15
41,41,10.1,16
41,42,10.04,16
41,43,9.74,16
41,44,9.82,15
41,0,9.98,14
41,1,10.04,14
41,2,10.14,14
41,3,9.75,14
41,4,10.03,16
41,5,9.8,17
41,6,9.8,15
41,7,10.2,15
41,8,9.81,16
41,9,10.11,16
41,10,9.88,15
41,11,10.09,15
41,12,10.13,15
41,13,9.93,16
41,14,10.08,15
41,15,9.83,16
41,16,10.13,16
41,17,10.17,17
41,18,10.2,15
41,19,9.77,14
41,20,10.2,15
41,21,9.96,16
41,22,10.1,16
41,23,9.83,15
41,24,9.99,17
41,25,10.06,16
41,26,10.3,15
41,27,9.74,18
41,28,10.13,16
41,29,10.13,15
41,30,10.12,16
41,31,10.4,16
41,32,9.96,14
41,33,10.24,15
41,34,9.67,15
41,35,9.94,16
41,36,9.95,15
41,37,9.65,15
41,38,9.95,15
41,39,10.2,15
41,40,9.77,15
41,41,10.1,16
41,42,10.04,16
41,43,9.74,16
41,44,9.82,15
41,45,9.98,18
41,0,9.98,14
41,1,10.04,14
41,2,10.14,14
41,3,9.75,14
41,4,10.03,16
41,5,9.8,17
41,6,9.8,15
41,7,10.2,15
41,8,9.81,16
41,9,10.11,16
41,10,9.88,15
41,11,10.09,15
41,12,10.13,15
41,13,9.93,16
41,14,10.08,15
41,15,9.83,16
41,16,10.13,16
41,17,10.17,17
41,18,10.2,15
41,19,9.77,14
41,20,10.2,15
41,21,9.96,16
41,22,10.1,16
41,23,9.83,15
41,24,9.99,17
41,25,10.06,16
41,26,10.3,15
41,27,9.74,18
41,28,10.13,16
41,29,10.13,15
41,30,10.12,16
41,31,10.4,16
41,32,9.96,14
41,33,10.24,15
41,34,9.67,15
41,35,9.94,16
41,36,9.95,15
41,37,9.65,15
41,38,9.95,15
41,39,10.2,15
41,40,9.77,15
41,41,10.1,16
41,42,10.04,16
41,43,9.74,16
41,44,9.82,15
41,45,9.98,18
41,46,10.06,16
41,0,9.98,14
41,1,10.04,14
41,2,10.14,14
41,3,9.75,14
41,4,10.03,16
41,5,9.8,17
41,6,9.8,15
41,7,10.2,15
41,8,9.81,16
41,9,10.11,16
41,10,9.88,15
41,11,10.09,15
41,12,10.13,15
41,13,9.93,16
41,14,10.08,15
41,15,9.83,16
41,16,10.13,16
41,17,10.17,17
41,18,10.2,15
41,19,9.77,14
41,20,10.2,15
41,21,9.96,16
41,22,10.1,16
41,23,9.83,15
41,24,9.99,17
41,25,10.06,16
41,26,10.3,15
41,27,9.74,18
41,28,10.13,16
41,29,10.13,15
41,30,10.12,16
41,31,10.4,16
41,32,9.96,14
41,33,10.24,15
41,34,9.67,15
41,35,9.94,16
41,36,9.95,15
41,37,9.65,15
41,38,9.95,15
41,39,10.2,15
41,40,9.77,15
41,41,10.1,16
41,42,10.04,16
41,43,9.74,16
41,44,9.82,15
41,45,9.98,18
41,46,10.06,16
41,47,10.14,16
41,0,9.98,14
41,1,10.04,14
41,2,10.14,14
41,3,9.75,14
41,4,10.03,16
41,5,9.8,17
41,6,9.8,15
41,7,10.2,15
41,8,9.81,16
41,9,10.11,16
41,10,9.88,15
41,11,10.09,15
41,12,10.13,15
41,13,9.93,16
41,14,10.08,15
41,15,9.83,16
41,16,10.13,16
41,17,10.17,17
41,18,10.2,15
41,19,9.77,14
41,20,10.2,15
41,21,9.96,16
41,22,10.1,16
41,23,9.83,15
41,24,9.99,17
41,25,10.06,16
41,26,10.3,15
41,27,9.74,18
41,28,10.13,16
41,29,10.13,15
41,30,10.12,16
41,31,10.4,16
41,32,9.96,14
41,33,10.24,15
41,34,9.67,15
41,35,9.94,16
41,36,9.95,15
41,37,9.65,15
41,38,9.95,15
41,39,10.2,15
41,40,9.77,15
41,41,10.1,16
41,42,10.04,16
41,43,9.74,16
41,44,9.82,15
41,45,9.98,18
41,46,10.06,16
41,47,10.14,16
41,48,9.8,15
41,0,9.98,14
41,1,10.04,14
41,2,10.14,14
41,3,9.75,14
41,4,10.03,16
41,5,9.8,17
41,6,9.8,15
41,7,10.2,15
41,8,9.81,16
41,9,10.11,16
41,10,9.88,15
41,11,10.09,15
41,12,10.13,15
41,13,9.93,16
41,14,10.08,15
41,15,9.83,16
41,16,10.13,16
41,17,10.17,17
41,18,10.2,15
41,19,9.77,14
41,20,10.2,15
41,21,9.96,16
41,22,10.1,16
41,23,9.83,15
41,24,9.99,17
41,25,10.06,16
41,26,10.3,15
41,27,9.74,18
41,28,10.13,16
41,29,10.13,15
41,30,10.12,16
41,31,10.4,16
41,32,9.96,14
41,33,10.24,15
41,34,9.67,15
41,35,9.94,16
41,36,9.95,15
41,37,9.65,15
41,38,9.95,15
41,39,10.2,15
41,40,9.77,15
41,41,10.1,16
41,42,10.04,16
41,43,9.74,16
41,44,9.82,15
41,45,9.98,18
41,46,10.06,16
41,47,10.14,16
41,48,9.8,15
41,49,10.07,14
43,0,9.9,14
43,0,9.9,14
43,1,10.11,15
43,0,9.9,14
43,1,10.11,15
43,2,9.97,15
43,0,9.9,14
43,1,10.11,15
43,2,9.97,15
43,3,9.78,16
43,0,9.9,14
43,1,10.11,15
43,2,9.97,15
43,3,9.78,16
43,4,9.91,16
43,0,9.9,14
43,1,10.11,15
43,2,9.97,15
43,3,9.78,16
43,4,9.91,16
43,5,10.08,15
43,0,9.9,14
43,1,10.11,15
43,2,9.97,15
43,3,9.78,16
43,4,9.91,16
43,5,10.08,15
43,6,9.71,16
43,0,9.9,14
43,1,10.11,15
43,2,9.97,15
43,3,9.78,16
43,4,9.91,16
43,5,10.08,15
43,6,9.71,16
43,7,9.86,17
43,0,9.9,14
43,1,10.11,15
43,2,9.97,15
43,3,9.78,16
43,4,9.91,16
43,5,10.08,15
43,6,9.71,16
43,7,9.86,17
43,8,10.12,15
43,0,9.9,14
43,1,10.11,15
43,2,9.97,15
43,3,9.78,16
43,4,9.91,16
43,5,10.08,15
43,6,9.71,16
43,7,9.86,17
43,8,10.12,15
43,9,10.34,15
43,0,9.9,14
43,1,10.11,15
43,2,9.97,15
43,3,9.78,16
43,4,9.91,16
43,5,10.08,15
43,6,9.71,16
43,7,9.86,17
43,8,10.12,15
43,9,10.34,15
43,10,9.97,15
43,0,9.9,14
43,1,10.11,15
43,2,9.97,15
43,3,9.78,16
43,4,9.91,16
43,5,10.08,15
43,6,9.71,16
43,7,9.86,17
43,8,10.12,15
43,9,10.34,15
43,10,9.97,15
43,11,10.23,15
43,0,9.9,14
43,1,10.11,15
43,2,9.97,15
43,3,9.78,16
43,4,9.91,16
43,5,10.08,15
43,6,9.71,16
43,7,9.86,17
43,8,10.12,15
43,9,10.34,15
43,10,9.97,15
43,11,10.23,15
43,12,10.14,16
43,0,9.9,14
43,1,10.11,15
43,2,9.97,15
43,3,9.78,16
43,4,9.91,16
43,5,10.08,15
43,6,9.71,16
43,7,9.86,17
43,8,10.12,15
43,9,10.34,15
43,10,9.97,15
43,11,10.23,15
43,12,10.14,16
43,13,10.07,15
43,0,9.9,14
43,1,10.11,15
43,2,9.97,15
43,3,9.78,16
43,4,9.91,16
43,5,10.08,15
43,6,9.71,16
43,7,9.86,17
43,8,10.12,15
43,9,10.34,15
43,10,9.97,15
43,11,10.23,15
43,12,10.14,16
43,13,10.07,15
43,14,10.59,17
43,0,9.9,14
43,1,10.11,15
43,2,9.97,15
43,3,9.78,16
43,4,9.91,16
43,5,10.08,15
43,6,9.71,16
43,7,9.86,17
43,8,10.12,15
43,9,10.34,15
43,10,9.97,15
43,11,10.23,15
43,12,10.14,16
43,13,10.07,15
43,14,10.59,17
43,15,10.15,15
43,0,9.9,14
43,1,10.11,15
43,2,9.97,15
43,3,9.78,16
43,4,9.91,16
43,5,10.08,15
43,6,9.71,16
43,7,9.86,17
43,8,10.12,15
43,9,10.34,15
43,10,9.97,15
43,11,10.23,15
43,12,10.14,16
43,13,10.07,15
43,14,10.59,17
43,15,10.15,15
43,16,10.06,16
43,0,9.9,14
43,1,10.11,15
43,2,9.97,15
43,3,9.78,16
43,4,9.91,16
43,5,10.08,15
43,6,9.71,16
43,7,9.86,17
43,8,10.12,15
43,9,10.34,15
43,10,9.97,15
43,11,10.23,15
43,12,10.14,16
43,13,10.07,15
43,14,10.59,17
43,15,10.15,15
43,16,10.06,16
43,17,10.11,15
43,0,9.9,14
43,1,10.11,15
43,2,9.97,15
43,3,9.78,16
43,4,9.91,16
43,5,10.08,15
43,6,9.71,16
43,7,9.86,17
43,8,10.12,15
43,9,10.34,15
43,10,9.97,15
43,11,10.23,15
43,12,10.14,16
43,13,10.07,15
43,14,10.59,17
43,15,10.15,15
43,16,10.06,16
43,17,10.11,15
43,18,9.66,16
43,0,9.9,14
43,1,10.11,15
43,2,9.97,15
43,3,9.78,16
43,4,9.91,16
43,5,10.08,15
43,6,9.71,16
43,7,9.86,17
43,8,10.12,15
43,9,10.34,15
43,10,9.97,15
43,11,10.23,15
43,12,10.14,16
43,13,10.07,15
43,14,10.59,17
43,15,10.15,15
43,16,10.06,16
43,17,10.11,15
43,18,9.66,16
43,19,9.92,15
43,0,9.9,14
43,1,10.11,15
43,2,9.97,15
43,3,9.78,16
43,4,9.91,16
43,5,10.08,15
43,6,9.71,16
43,7,9.86,17
43,8,10.12,15
43,9,10.34,15
43,10,9.97,15
43,11,10.23,15
43,12,10.14,16
43,13,10.07,15
43,14,10.59,17
43,15,10.15,15
43,16,10.06,16
43,17,10.11,15
43,18,9.66,16
43,19,9.92,15
43,20,10.23,17
43,0,9.9,14
43,1,10.11,15
43,2,9.97,15
43,3,9.78,16
43,4,9.91,16
43,5,10.08,15
43,6,9.71,16
43,7,9.86,17
43,8,10.12,15
43,9,10.34,15
43,10,9.97,15
43,11,10.23,15
43,12,10.14,16
43,13,10.07,15
43,14,10.59,17
43,15,10.15,15
43,16,10.06,16
43,17,10.11,15
43,18,9.66,16
43,19,9.92,15
43,20,10.23,17
43,21,9.61,15
43,0,9.9,14
43,1,10.11,15
43,2,9.97,15
43,3,9.78,16
43,4,9.91,16
43,5,10.08,15
43,6,9.71,16
43,7,9.86,17
43,8,10.12,15
43,9,10.34,15
43,10,9.97,15
43,11,10.23,15
43,12,10.14,16
43,13,10.07,15
43,14,10.59,17
43,15,10.15,15
43,16,10.06,16
43,17,10.11,15
43,18,9.66,16
43,19,9.92,15
43,20,10.23,17
43,21,9.61,15
43,22,9.74,15
43,0,9.9,14
43,1,10.11,15
43,2,9.97,15
43,3,9.78,16
43,4,9.91,16
43,5,10.08,15
43,6,9.71,16
43,7,9.86,17
43,8,10.12,15
43,9,10.34,15
43,10,9.97,15
43,11,10.23,15
43,12,10.14,16
43,13,10.07,15
43,14,10.59,17
43,15,10.15,15
43,16,10.06,16
43,17,10.11,15
43,18,9.66,16
43,19,9.92,15
43,20,10.23,17
43,21,9.61,15
43,22,9.74,15
43,23,9.33,14
43,0,9.9,14
43,1,10.11,15
43,2,9.97,15
43,3,9.78,16
43,4,9.91,16
43,5,10.08,15
43,6,9.71,16
43,7,9.86,17
43,8,10.12,15
43,9,10.34,15
43,10,9.97,15
43,11,10.23,15
43,12,10.14,16
43,13,10.07,15
43,14,10.59,17
43,15,10.15,15
43,16,10.06,16
43,17,10.11,15
43,18,9.66,16
43,19,9.92,15
43,20,10.23,17
43,21,9.61,15
43,22,9.74,15
43,23,9.33,14
43,24,9.9,15
43,0,9.9,14
43,1,10.11,15
43,2,9.97,15
43,3,9.78,16
43,4,9.91,16
43,5,10.08,15
43,6,9.71,16
43,7,9.86,17
43,8,10.12,15
43,9,10.34,15
43,10,9.97,15
43,11,10.23,15
43,12,10.14,16
43,13,10.07,15
43,14,10.59,17
43,15,10.15,15
43,16,10.06,16
43,17,10.11,15
43,18,9.66,16
43,19,9.92,15
43,20,10.23,17
43,21,9.61,15
43,22,9.74,15
43,23,9.33,14
43,24,9.9,15
43,25,9.76,15
43,0,9.9,14
43,1,10.11,15
43,2,9.97,15
43,3,9.78,16
43,4,9.91,16
43,5,10.08,15
43,6,9.71,16
43,7,9.86,17
43,8,10.12,15
43,9,10.34,15
43,10,9.97,15
43,11,10.23,15
43,12,10.14,16
43,13,10.07,15
43,14,10.59,17
43,15,10.15,15
43,16,10.06,16
43,17,10.11,15
43,18,9.66,16
43,19,9.92,15
43,20,10.23,17
43,21,9.61,15
43,22,9.74,15
43,23,9.33,14
43,24,9.9,15
43,25,9.76,15
43,26,10.11,15
43,0,9.9,14
43,1,10.11,15
43,2,9.97,15
43,3,9.78,16
43,4,9.91,16
43,5,10.08,15
43,6,9.71,16
43,7,9.86,17
43,8,10.12,15
43,9,10.34,15
43,10,9.97,15
43,11,10.23,15
43,12,10.14,16
43,13,10.07,15
43,14,10.59,17
43,15,10.15,15
43,16,10.06,16
43,17,10.11,15
43,18,9.66,16
43,19,9.92,15
43,20,10.23,17
43,21,9.61,15
43,22,9.74,15
43,23,9.33,14
43,24,9.9,15
43,25,9.76,15
43,26,10.11,15
43,27,9.88,15
43,0,9.9,14
43,1,10.11,15
43,2,9.97,15
43,3,9.78,16
43,4,9.91,16
43,5,10.08,15
43,6,9.71,16
43,7,9.86,17
43,8,10.12,15
43,9,10.34,15
43,10,9.97,15
43,11,10.23,15
43,12,10.14,16
43,13,10.07,15
43,14,10.59,17
43,15,10.15,15
43,16,10.06,16
43,17,10.11,15
43,18,9.66,16
43,19,9.92,15
43,20,10.23,17
43,21,9.61,15
43,22,9.74,15
43,23,9.33,14
43,24,9.9,15
43,25,9.76,15
43,26,10.11,15
43,27,9.88,15
43,28,9.77,14
43,0,9.9,14
43,1,10.11,15
43,2,9.97,15
43,3,9.78,16
43,4,9.91,16
43,5,10.08,15
43,6,9.71,16
43,7,9.86,17
43,8,10.12,15
43,9,10.34,15
43,10,9.97,15
43,11,10.23,15
43,12,10.14,16
43,13,10.07,15
43,14,10.59,17
43,15,10.15,15
43,16,10.06,16
43,17,10.11,15
43,18,9.66,16
43,19,9.92,15
43,20,10.23,17
43,21,9.61,15
43,22,9.74,15
43,23,9.33,14
43,24,9.9,15
43,25,9.76,15
43,26,10.11,15
43,27,9.88,15
43,28,9.77,14
43,29,10.08,15
43,0,9.9,14
43,1,10.11,15
43,2,9.97,15
43,3,9.78,16
43,4,9.91,16
43,5,10.08,15
43,6,9.71,16
43,7,9.86,17
43,8,10.12,15
43,9,10.34,15
43,10,9.97,15
43,11,10.23,15
43,12,10.14,16
43,13,10.07,15
43,14,10.59,17
43,15,10.15,15
43,16,10.06,16
43,17,10.11,15
43,18,9.66,16
43,19,9.92,15
43,20,10.23,17
43,21,9.61,15
43,22,9.74,15
43,23,9.33,14
43,24,9.9,15
43,25,9.76,15
43,26,10.11,15
43,27,9.88,15
43,28,9.77,14
43,29,10.08,15
43,30,9.59,15
43,0,9.9,14
43,1,10.11,15
43,2,9.97,15
43,3,9.78,16
43,4,9.91,16
43,5,10.08,15
43,6,9.71,16
43,7,9.86,17
43,8,10.12,15
43,9,10.34,15
43,10,9.97,15
43,11,10.23,15
43,12,10.14,16
43,13,10.07,15
43,14,10.59,17
43,15,10.15,15
43,16,10.06,16
43,17,10.11,15
43,18,9.66,16
43,19,9.92,15
43,20,10.23,17
43,21,9.61,15
43,22,9.74,15
43,23,9.33,14
43,24,9.9,15
43,25,9.76,15
43,26,10.11,15
43,27,9.88,15
43,28,9.77,14
43,29,10.08,15
43,30,9.59,15
43,31,10.24,15
43,0,9.9,14
43,1,10.11,15
43,2,9.97,15
43,3,9.78,16
43,4,9.91,16
43,5,10.08,15
43,6,9.71,16
43,7,9.86,17
43,8,10.12,15
43,9,10.34,15
43,10,9.97,15
43,11,10.23,15
43,12,10.14,16
43,13,10.07,15
43,14,10.59,17
43,15,10.15,15
43,16,10.06,16
43,17,10.11,15
43,18,9.66,16
43,19,9.92,15
43,20,10.23,17
43,21,9.61,15
43,22,9.74,15
43,23,9.33,14
43,24,9.9,15
43,25,9.76,15
43,26,10.11,15
43,27,9.88,15
43,28,9.77,14
43,29,10.08,15
43,30,9.59,15
43,31,10.24,15
43,32,10.11,15
43,0,9.9,14
43,1,10.11,15
43,2,9.97,15
43,3,9.78,16
43,4,9.91,16
43,5,10.08,15
43,6,9.71,16
43,7,9.86,17
43,8,10.12,15
43,9,10.34,15
43,10,9.97,15
43,11,10.23,15
43,12,10.14,16
43,13,10.07,15
43,14,10.59,17
43,15,10.15,15
43,16,10.06,16
43,17,10.11,15
43,18,9.66,16
43,19,9.92,15
43,20,10.23,17
43,21,9.61,15
43,22,9.74,15
43,23,9.33,14
43,24,9.9,15
43,25,9.76,15
43,26,10.11,15
43,27,9.88,15
43,28,9.77,14
43,29,10.08,15
43,30,9.59,15
43,31,10.24,15
43,32,10.11,15
43,33,10.33,18
43,0,9.9,14
43,1,10.11,15
43,2,9.97,15
43,3,9.78,16
43,4,9.91,16
43,5,10.08,15
43,6,9.71,16
43,7,9.86,17
43,8,10.12,15
43,9,10.34,15
43,10,9.97,15
43,11,10.23,15
43,12,10.14,16
43,13,10.07,15
43,14,10.59,17
43,15,10.15,15
43,16,10.06,16
43,17,10.11,15
43,18,9.66,16
43,19,9.92,15
43,20,10.23,17
43,21,9.61,15
43,22,9.74,15
43,23,9.33,14
43,24,9.9,15
43,25,9.76,15
43,26,10.11,15
43,27,9.88,15
43,28,9.77,14
43,29,10.08,15
43,30,9.59,15
43,31,10.24,15
43,32,10.11,15
43,33,10.33,18
43,34,9.97,14
43,0,9.9,14
43,1,10.11,15
43,2,9.97,15
43,3,9.78,16
43,4,9.91,16
43,5,10.08,15
43,6,9.71,16
43,7,9.86,17
43,8,10.12,15
43,9,10.34,15
43,10,9.97,15
43,11,10.23,15
43,12,10.14,16
43,13,10.07,15
43,14,10.59,17
43,15,10.15,15
43,16,10.06,16
43,17,10.11,15
43,18,9.66,16
43,19,9.92,15
43,20,10.23,17
43,21,9.61,15
43,22,9.74,15
43,23,9.33,14
43,24,9.9,15
43,25,9.76,15
43,26,10.11,15
43,27,9.88,15
43,28,9.77,14
43,29,10.08,15
43,30,9.59,15
43,31,10.24,15
43,32,10.11,15
43,33,10.33,18
43,34,9.97,14
43,35,10.27,16
43,0,9.9,14
43,1,10.11,15
43,2,9.97,15
43,3,9.78,16
43,4,9.91,16
43,5,10.08,15
43,6,9.71,16
43,7,9.86,17
43,8,10.12,15
43,9,10.34,15
43,10,9.97,15
43,11,10.23,15
43,12,10.14,16
43,13,10.07,15
43,14,10.59,17
43,15,10.15,15
43,16,10.06,16
43,17,10.11,15
43,18,9.66,16
43,19,9.92,15
43,20,10.23,17
43,21,9.61,15
43,22,9.74,15
43,23,9.33,14
43,24,9.9,15
43,25,9.76,15
43,26,10.11,15
43,27,9.88,15
43,28,9.77,14
43,29,10.08,15
43,30,9.59,15
43,31,10.24,15
43,32,10.11,15
43,33,10.33,18
43,34,9.97,14
43,35,10.27,16
43,36,9.62,14
43,0,9.9,14
43,1,10.11,15
43,2,9.97,15
43,3,9.78,16
43,4,9.91,16
43,5,10.08,15
43,6,9.71,16
43,7,9.86,17
43,8,10.12,15
43,9,10.34,15
43,10,9.97,15
43,11,10.23,15
43,12,10.14,16
43,13,10.07,15
43,14,10.59,17
43,15,10.15,15
43,16,10.06,16
43,17,10.11,15
43,18,9.66,16
43,19,9.92,15
43,20,10.23,17
43,21,9.61,15
43,22,9.74,15
43,23,9.33,14
43,24,9.9,15
43,25,9.76,15
43,26,10.11,15
43,27,9.88,15
43,28,9.77,14
43,29,10.08,15
43,30,9.59,15
43,31,10.24,15
43,32,10.11,15
43,33,10.33,18
43,34,9.97,14
43,35,10.27,16
43,36,9.62,14
43,37,10.12,15
43,0,9.9,14
43,1,10.11,15
43,2,9.97,15
43,3,9.78,16
43,4,9.91,16
43,5,10.08,15
43,6,9.71,16
43,7,9.86,17
43,8,10.12,15
43,9,10.34,15
43,10,9.97,15
43,11,10.23,15
43,12,10.14,16
43,13,10.07,15
43,14,10.59,17
43,15,10.15,15
43,16,10.06,16
43,17,10.11,15
43,18,9.66,16
43,19,9.92,15
43,20,10.23,17
43,21,9.61,15
43,22,9.74,15
43,23,9.33,14
43,24,9.9,15
43,25,9.76,15
43,26,10.11,15
43,27,9.88,15
43,28,9.77,14
43,29,10.08,15
43,30,9.59,15
43,31,10.24,15
43,32,10.11,15
43,33,10.33,18
43,34,9.97,14
43,35,10.27,16
43,36,9.62,14
43,37,10.12,15
43,38,9.63,15
43,0,9.9,14
43,1,10.11,15
43,2,9.97,15
43,3,9.78,16
43,4,9.91,16
43,5,10.08,15
43,6,9.71,16
43,7,9.86,17
43,8,10.12,15
43,9,10.34,15
43,10,9.97,15
43,11,10.23,15
43,12,10.14,16
43,13,10.07,15
43,14,10.59,17
43,15,10.15,15
43,16,10.06,16
43,17,10.11,15
43,18,9.66,16
43,19,9.92,15
43,20,10.23,17
43,21,9.61,15
43,22,9.74,15
43,23,9.33,14
43,24,9.9,15
43,25,9.76,15
43,26,10.11,15
43,27,9.88,15
43,28,9.77,14
43,29,10.08,15
43,30,9.59,15
43,31,10.24,15
43,32,10.11,15
43,33,10.33,18
43,34,9.97,14
43,35,10.27,16
43,36,9.62,14
43,37,10.12,15
43,38,9.63,15
43,39,9.74,15
43,0,9.9,14
43,1,10.11,15
43,2,9.97,15
43,3,9.78,16
43,4,9.91,16
43,5,10.08,15
43,6,9.71,16
43,7,9.86,17
43,8,10.12,15
43,9,10.34,15
43,10,9.97,15
43,11,10.23,15
43,12,10.14,16
43,13,10.07,15
43,14,10.59,17
43,15,10.15,15
43,16,10.06,16
43,17,10.11,15
43,18,9.66,16
43,19,9.92,15
43,20,10.23,17
43,21,9.61,15
43,22,9.74,15
43,23,9.33,14
43,24,9.9,15
43,25,9.76,15
43,26,10.11,15
43,27,9.88,15
43,28,9.77,14
43,29,10.08,15
43,30,9.59,15
43,31,10.24,15
43,32,10.11,15
43,33,10.33,18
43,34,9.97,14
43,35,10.27,16
43,36,9.62,14
43,37,10.12,15
43,38,9.63,15
43,39,9.74,15
43,40,9.84,16
43,0,9.9,14
43,1,10.11,15
43,2,9.97,15
43,3,9.78,16
43,4,9.91,16
43,5,10.08,15
43,6,9.71,16
43,7,9.86,17
43,8,10.12,15
43,9,10.34,15
43,10,9.97,15
43,11,10.23,15
43,12,10.14,16
43,13,10.07,15
43,14,10.59,17
43,15,10.15,15
43,16,10.06,16
43,17,10.11,15
43,18,9.66,16
43,19,9.92,15
43,20,10.23,17
43,21,9.61,15
43,22,9.74,15
43,23,9.33,14
43,24,9.9,15
43,25,9.76,15
43,26,10.11,15
43,27,9.88,15
43,28,9.77,14
43,29,10.08,15
43,30,9.59,15
43,31,10.24,15
43,32,10.11,15
43,33,10.33,18
43,34,9.97,14
43,35,10.27,16
43,36,9.62,14
43,37,10.12,15
43,38,9.63,15
43,39,9.74,15
43,40,9.84,16
43,41,9.85,15
43,0,9.9,14
43,1,10.11,15
43,2,9.97,15
43,3,9.78,16
43,4,9.91,16
43,5,10.08,15
43,6,9.71,16
43,7,9.86,17
43,8,10.12,15
43,9,10.34,15
43,10,9.97,15
43,11,10.23,15
43,12,10.14,16
43,13,10.07,15
43,14,10.59,17
43,15,10.15,15
43,16,10.06,16
43,17,10.11,15
43,18,9.66,16
43,19,9.92,15
43,20,10.23,17
43,21,9.61,15
43,22,9.74,15
43,23,9.33,14
43,24,9.9,15
43,25,9.76,15
43,26,10.11,15
43,27,9.88,15
43,28,9.77,14
43,29,10.08,15
43,30,9.59,15
43,31,10.24,15
43,32,10.11,15
43,33,10.33,18
43,34,9.97,14
43,35,10.27,16
43,36,9.62,14
43,37,10.12,15
43,38,9.63,15
43,39,9.74,15
43,40,9.84,16
43,41,9.85,15
43,42,9.59,15
43,0,9.9,14
43,1,10.11,15
43,2,9.97,15
43,3,9.78,16
43,4,9.91,16
43,5,10.08,15
43,6,9.71,16
43,7,9.86,17
43,8,10.12,15
43,9,10.34,15
43,10,9.97,15
43,11,10.23,15
43,12,10.14,16
43,13,10.07,15
43,14,10.59,17
43,15,10.15,15
43,16,10.06,16
43,17,10.11,15
43,18,9.66,16
43,19,9.92,15
43,20,10.23,17
43,21,9.61,15
43,22,9.74,15
43,23,9.33,14
43,24,9.9,15
43,25,9.76,15
43,26,10.11,15
43,27,9.88,15
43,28,9.77,14
43,29,10.08,15
43,30,9.59,15
43,31,10.24,15
43,32,10.11,15
43,33,10.33,18
43,34,9.97,14
43,35,10.27,16
43,36,9.62,14
43,37,10.12,15
43,38,9.63,15
43,39,9.74,15
43,40,9.84,16
43,41,9.85,15
43,42,9.59,15
43,43,9.98,15
43,0,9.9,14
43,1,10.11,15
43,2,9.97,15
43,3,9.78,16
43,4,9.91,16
43,5,10.08,15
43,6,9.71,16
43,7,9.86,17
43,8,10.12,15
43,9,10.34,15
43,10,9.97,15
43,11,10.23,15
43,12,10.14,16
43,13,10.07,15
43,14,10.59,17
43,15,10.15,15
43,16,10.06,16
43,17,10.11,15
43,18,9.66,16
43,19,9.92,15
43,20,10.23,17
43,21,9.61,15
43,22,9.74,15
43,23,9.33,14
43,24,9.9,15
43,25,9.76,15
43,26,10.11,15
43,27,9.88,15
43,28,9.77,14
43,29,10.08,15
43,30,9.59,15
43,31,10.24,15
43,32,10.11,15
43,33,10.33,18
43,34,9.97,14
43,35,10.27,16
43,36,9.62,14
43,37,10.12,15
43,38,9.63,15
43,39,9.74,15
43,40,9.84,16
43,41,9.85,15
43,42,9.59,15
43,43,9.98,15
43,44,9.98,14
43,0,9.9,14
43,1,10.11,15
43,2,9.97,15
43,3,9.78,16
43,4,9.91,16
43,5,10.08,15
43,6,9.71,16
43,7,9.86,17
43,8,10.12,15
43,9,10.34,15
43,10,9.97,15
43,11,10.23,15
43,12,10.14,16
43,13,10.07,15
43,14,10.59,17
43,15,10.15,15
43,16,10.06,16
43,17,10.11,15
43,18,9.66,16
43,19,9.92,15
43,20,10.23,17
43,21,9.61,15
43,22,9.74,15
43,23,9.33,14
43,24,9.9,15
43,25,9.76,15
43,26,10.11,15
43,27,9.88,15
43,28,9.77,14
43,29,10.08,15
43,30,9.59,15
43,31,10.24,15
43,32,10.11,15
43,33,10.33,18
43,34,9.97,14
43,35,10.27,16
43,36,9.62,14
43,37,10.12,15
43,38,9.63,15
43,39,9.74,15
43,40,9.84,16
43,41,9.85,15
43,42,9.59,15
43,43,9.98,15
43,44,9.98,14
43,45,10.14,15
43,0,9.9,14
43,1,10.11,15
43,2,9.97,15
43,3,9.78,16
43,4,9.91,16
43,5,10.08,15
43,6,9.71,16
43,7,9.86,17
43,8,10.12,15
43,9,10.34,15
43,10,9.97,15
43,11,10.23,15
43,12,10.14,16
43,13,10.07,15
43,14,10.59,17
43,15,10.15,15
43,16,10.06,16
43,17,10.11,15
43,18,9.66,16
43,19,9.92,15
43,20,10.23,17
43,21,9.61,15
43,22,9.74,15
43,23,9.33,14
43,24,9.9,15
43,25,9.76,15
43,26,10.11,15
43,27,9.88,15
43,28,9.77,14
43,29,10.08,15
43,30,9.59,15
43,31,10.24,15
43,32,10.11,15
43,33,10.33,18
43,34,9.97,14
43,35,10.27,16
43,36,9.62,14
43,37,10.12,15
43,38,9.63,15
43,39,9.74,15
43,40,9.84,16
43,41,9.85,15
43,42,9.59,15
43,43,9.98,15
43,44,9.98,14
43,45,10.14,15
43,46,9.83,15
43,0,9.9,14
43,1,10.11,15
43,2,9.97,15
43,3,9.78,16
43,4,9.91,16
43,5,10.08,15
43,6,9.71,16
43,7,9.86,17
43,8,10.12,15
43,9,10.34,15
43,10,9.97,15
43,11,10.23,15
43,12,10.14,16
43,13,10.07,15
43,14,10.59,17
43,15,10.15,15
43,16,10.06,16
43,17,10.11,15
43,18,9.66,16
43,19,9.92,15
43,20,10.23,17
43,21,9.61,15
43,22,9.74,15
43,23,9.33,14
43,24,9.9,15
43,25,9.76,15
43,26,10.11,15
43,27,9.88,15
43,28,9.77,14
43,29,10.08,15
43,30,9.59,15
43,31,10.24,15
43,32,10.11,15
43,33,10.33,18
43,34,9.97,14
43,35,10.27,16
43,36,9.62,14
43,37,10.12,15
43,38,9.63,15
43,39,9.74,15
43,40,9.84,16
43,41,9.85,15
43,42,9.59,15
43,43,9.98,15
43,44,9.98,14
43,45,10.14,15
43,46,9.83,15
43,47,9.97,15
43,0,9.9,14
43,1,10.11,15
43,2,9.97,15
43,3,9.78,16
43,4,9.91,16
43,5,10.08,15
43,6,9.71,16
43,7,9.86,17
43,8,10.12,15
43,9,10.34,15
43,10,9.97,15
43,11,10.23,15
43,12,10.14,16
43,13,10.07,15
43,14,10.59,17
43,15,10.15,15
43,16,10.06,16
43,17,10.11,15
43,18,9.66,16
43,19,9.92,15
43,20,10.23,17
43,21,9.61,15
43,22,9.74,15
43,23,9.33,14
43,24,9.9,15
43,25,9.76,15
43,26,10.11,15
43,27,9.88,15
43,28,9.77,14
43,29,10.08,15
43,30,9.59,15
43,31,10.24,15
43,32,10.11,15
43,33,10.33,18
43,34,9.97,14
43,35,10.27,16
43,36,9.62,14
43,37,10.12,15
43,38,9.63,15
43,39,9.74,15
43,40,9.84,16
43,41,9.85,15
43,42,9.59,15
43,43,9.98,15
43,44,9.98,14
43,45,10.14,15
43,46,9.83,15
43,47,9.97,15
43,48,10.12,15
43,0,9.9,14
43,1,10.11,15
43,2,9.97,15
43,3,9.78,16
43,4,9.91,16
43,5,10.08,15
43,6,9.71,16
43,7,9.86,17
43,8,10.12,15
43,9,10.34,15
43,10,9.97,15
43,11,10.23,15
43,12,10.14,16
43,13,10.07,15
43,14,10.59,17
43,15,10.15,15
43,16,10.06,16
43,17,10.11,15
43,18,9.66,16
43,19,9.92,15
43,20,10.23,17
43,21,9.61,15
43,22,9.74,15
43,23,9.33,14
43,24,9.9,15
43,25,9.76,15
43,26,10.11,15
43,27,9.88,15
43,28,9.77,14
43,29,10.08,15
43,30,9.59,15
43,31,10.24,15
43,32,10.11,15
43,33,10.33,18
43,34,9.97,14
43,35,10.27,16
43,36,9.62,14
43,37,10.12,15
43,38,9.63,15
43,39,9.74,15
43,40,9.84,16
43,41,9.85,15
43,42,9.59,15
43,43,9.98,15
43,44,9.98,14
43,45,10.14,15
43,46,9.83,15
43,47,9.97,15
43,48,10.12,15
43,49,9.93,18
45,0,9.86,15
45,0,9.86,15
45,1,9.58,16
45,0,9.86,15
45,1,9.58,16
45,2,10.3,16
45,0,9.86,15
45,1,9.58,16
45,2,10.3,16
45,3,9.85,16
45,0,9.86,15
45,1,9.58,16
45,2,10.3,16
45,3,9.85,16
45,4,9.8,15
45,0,9.86,15
45,1,9.58,16
45,2,10.3,16
45,3,9.85,16
45,4,9.8,15
45,5,9.79,16
45,0,9.86,15
45,1,9.58,16
45,2,10.3,16
45,3,9.85,16
45,4,9.8,15
45,5,9.79,16
45,6,10.27,16
45,0,9.86,15
45,1,9.58,16
45,2,10.3,16
45,3,9.85,16
45,4,9.8,15
45,5,9.79,16
45,6,10.27,16
45,7,10.08,15
45,0,9.86,15
45,1,9.58,16
45,2,10.3,16
45,3,9.85,16
45,4,9.8,15
45,5,9.79,16
45,6,10.27,16
45,7,10.08,15
45,8,9.9,16
45,0,9.86,15
45,1,9.58,16
45,2,10.3,16
45,3,9.85,16
45,4,9.8,15
45,5,9.79,16
45,6,10.27,16
45,7,10.08,15
45,8,9.9,16
45,9,9.8,16
45,0,9.86,15
45,1,9.58,16
45,2,10.3,16
45,3,9.85,16
45,4,9.8,15
45,5,9.79,16
45,6,10.27,16
45,7,10.08,15
45,8,9.9,16
45,9,9.8,16
45,10,9.76,16
45,0,9.86,15
45,1,9.58,16
45,2,10.3,16
45,3,9.85,16
45,4,9.8,15
45,5,9.79,16
45,6,10.27,16
45,7,10.08,15
45,8,9.9,16
45,9,9.8,16
45,10,9.76,16
45,11,10.06,14
45,0,9.86,15
45,1,9.58,16
45,2,10.3,16
45,3,9.85,16
45,4,9.8,15
45,5,9.79,16
45,6,10.27,16
45,7,10.08,15
45,8,9.9,16
45,9,9.8,16
45,10,9.76,16
45,11,10.06,14
45,12,10.08,16
45,0,9.86,15
45,1,9.58,16
45,2,10.3,16
45,3,9.85,16
45,4,9.8,15
45,5,9.79,16
45,6,10.27,16
45,7,10.08,15
45,8,9.9,16
45,9,9.8,16
45,10,9.76,16
45,11,10.06,14
45,12,10.08,16
45,13,9.93,16
45,0,9.86,15
45,1,9.58,16
45,2,10.3,16
45,3,9.85,16
45,4,9.8,15
45,5,9.79,16
45,6,10.27,16
45,7,10.08,15
45,8,9.9,16
45,9,9.8,16
45,10,9.76,16
45,11,10.06,14
45,12,10.08,16
45,13,9.93,16
45,14,9.65,14
45,0,9.86,15
45,1,9.58,16
45,2,10.3,16
45,3,9.85,16
45,4,9.8,15
45,5,9.79,16
45,6,10.27,16
45,7,10.08,15
45,8,9.9,16
45,9,9.8,16
45,10,9.76,16
45,11,10.06,14
45,12,10.08,16
45,13,9.93,16
45,14,9.65,14
45,15,10.51,15
45,0,9.86,15
45,1,9.58,16
45,2,10.3,16
45,3,9.85,16
45,4,9.8,15
45,5,9.79,16
45,6,10.27,16
45,7,10.08,15
45,8,9.9,16
45,9,9.8,16
45,10,9.76,16
45,11,10.06,14
45,12,10.08,16
45,13,9.93,16
45,14,9.65,14
45,15,10.51,15
45,16,9.86,17
45,0,9.86,15
45,1,9.58,16
45,2,10.3,16
45,3,9.85,16
45,4,9.8,15
45,5,9.79,16
45,6,10.27,16
45,7,10.08,15
45,8,9.9,16
45,9,9.8,16
45,10,9.76,16
45,11,10.06,14
45,12,10.08,16
45,13,9.93,16
45,14,9.65,14
45,15,10.51,15
45,16,9.86,17
45,17,9.55,16
45,0,9.86,15
45,1,9.58,16
45,2,10.3,16
45,3,9.85,16
45,4,9.8,15
45,5,9.79,16
45,6,10.27,16
45,7,10.08,15
45,8,9.9,16
45,9,9.8,16
45,10,9.76,16
45,11,10.06,14
45,12,10.08,16
45,13,9.93,16
45,14,9.65,14
45,15,10.51,15
45,16,9.86,17
45,17,9.55,16
45,18,10.26,16
45,0,9.86,15
45,1,9.58,16
45,2,10.3,16
45,3,9.85,16
45,4,9.8,15
45,5,9.79,16
45,6,10.27,16
45,7,10.08,15
45,8,9.9,16
45,9,9.8,16
45,10,9.76,16
45,11,10.06,14
45,12,10.08,16
45,13,9.93,16
45,14,9.65,14
45,15,10.51,15
45,16,9.86,17
45,17,9.55,16
45,18,10.26,16
45,19,10.17,16
45,0,9.86,15
45,1,9.58,16
45,2,10.3,16
45,3,9.85,16
45,4,9.8,15
45,5,9.79,16
45,6,10.27,16
45,7,10.08,15
45,8,9.9,16
45,9,9.8,16
45,10,9.76,16
45,11,10.06,14
45,12,10.08,16
45,13,9.93,16
45,14,9.65,14
45,15,10.51,15
45,16,9.86,17
45,17,9.55,16
45,18,10.26,16
45,19,10.17,16
45,20,10.05,16
45,0,9.86,15
45,1,9.58,16
45,2,10.3,16
45,3,9.85,16
45,4,9.8,15
45,5,9.79,16
45,6,10.27,16
45,7,10.08,15
45,8,9.9,16
45,9,9.8,16
45,10,9.76,16
45,11,10.06,14
45,12,10.08,16
45,13,9.93,16
45,14,9.65,14
45,15,10.51,15
45,16,9.86,17
45,17,9.55,16
45,18,10.26,16
45,19,10.17,16
45,20,10.05,16
45,21,9.84,15
45,0,9.86,15
45,1,9.58,16
45,2,10.3,16
45,3,9.85,16
45,4,9.8,15
45,5,9.79,16
45,6,10.27,16
45,7,10.08,15
45,8,9.9,16
45,9,9.8,16
45,10,9.76,16
45,11,10.06,14
45,12,10.08,16
45,13,9.93,16
45,14,9.65,14
45,15,10.51,15
45,16,9.86,17
45,17,9.55,16
45,18,10.26,16
45,19,10.17,16
45,20,10.05,16
45,21,9.84,15
45,22,9.37,15
45,0,9.86,15
45,1,9.58,16
45,2,10.3,16
45,3,9.85,16
45,4,9.8,15
45,5,9.79,16
45,6,10.27,16
45,7,10.08,15
45,8,9.9,16
45,9,9.8,16
45,10,9.76,16
45,11,10.06,14
45,12,10.08,16
45,13,9.93,16
45,14,9.65,14
45,15,10.51,15
45,16,9.86,17
45,17,9.55,16
45,18,10.26,16
45,19,10.17,16
45,20,10.05,16
45,21,9.84,15
45,22,9.37,15
45,23,9.76,15
45,0,9.86,15
45,1,9.58,16
45,2,10.3,16
45,3,9.85,16
45,4,9.8,15
45,5,9.79,16
45,6,10.27,16
45,7,10.08,15
45,8,9.9,16
45,9,9.8,16
45,10,9.76,16
45,11,10.06,14
45,12,10.08,16
45,13,9.93,16
45,14,9.65,14
45,15,10.51,15
45,16,9.86,17
45,17,9.55,16
45,18,10.26,16
45,19,10.17,16
45,20,10.05,16
45,21,9.84,15
45,22,9.37,15
45,23,9.76,15
45,24,9.82,16
45,0,9.86,15
45,1,9.58,16
45,2,10.3,16
45,3,9.85,16
45,4,9.8,15
45,5,9.79,16
45,6,10.27,16
45,7,10.08,15
45,8,9.9,16
45,9,9.8,16
45,10,9.76,16
45,11,10.06,14
45,12,10.08,16
45,13,9.93,16
45,14,9.65,14
45,15,10.51,15
45,16,9.86,17
45,17,9.55,16
45,18,10.26,16
45,19,10.17,16
45,20,10.05,16
45,21,9.84,15
45,22,9.37,15
45,23,9.76,15
45,24,9.82,16
45,25,10.62,15
45,0,9.86,15
45,1,9.58,16
45,2,10.3,16
45,3,9.85,16
45,4,9.8,15
45,5,9.79,16
45,6,10.27,16
45,7,10.08,15
45,8,9.9,16
45,9,9.8,16
45,10,9.76,16
45,11,10.06,14
45,12,10.08,16
45,13,9.93,16
45,14,9.65,14
45,15,10.51,15
45,16,9.86,17
45,17,9.55,16
45,18,10.26,16
45,19,10.17,16
45,20,10.05,16
45,21,9.84,15
45,22,9.37,15
45,23,9.76,15
45,24,9.82,16
45,25,10.62,15
45,26,9.88,18
45,0,9.86,15
45,1,9.58,16
45,2,10.3,16
45,3,9.85,16
45,4,9.8,15
45,5,9.79,16
45,6,10.27,16
45,7,10.08,15
45,8,9.9,16
45,9,9.8,16
45,10,9.76,16
45,11,10.06,14
45,12,10.08,16
45,13,9.93,16
45,14,9.65,14
45,15,10.51,15
45,16,9.86,17
45,17,9.55,16
45,18,10.26,16
45,19,10.17,16
45,20,10.05,16
45,21,9.84,15
45,22,9.37,15
45,23,9.76,15
45,24,9.82,16
45,25,10.62,15
45,26,9.88,18
45,27,10.29,17
45,0,9.86,15
45,1,9.58,16
45,2,10.3,16
45,3,9.85,16
45,4,9.8,15
45,5,9.79,16
45,6,10.27,16
45,7,10.08,15
45,8,9.9,16
45,9,9.8,16
45,10,9.76,16
45,11,10.06,14
45,12,10.08,16
45,13,9.93,16
45,14,9.65,14
45,15,10.51,15
45,16,9.86,17
45,17,9.55,16
45,18,10.26,16
45,19,10.17,16
45,20,10.05,16
45,21,9.84,15
45,22,9.37,15
45,23,9.76,15
45,24,9.82,16
45,25,10.62,15
45,26,9.88,18
45,27,10.29,17
45,28,9.7,16
45,0,9.86,15
45,1,9.58,16
45,2,10.3,16
45,3,9.85,16
45,4,9.8,15
45,5,9.79,16
45,6,10.27,16
45,7,10.08,15
45,8,9.9,16
45,9,9.8,16
45,10,9.76,16
45,11,10.06,14
45,12,10.08,16
45,13,9.93,16
45,14,9.65,14
45,15,10.51,15
45,16,9.86,17
45,17,9.55,16
45,18,10.26,16
45,19,10.17,16
45,20,10.05,16
45,21,9.84,15
45,22,9.37,15
45,23,9.76,15
45,24,9.82,16
45,25,10.62,15
45,26,9.88,18
45,27,10.29,17
45,28,9.7,16
45,29,10.45,16
45,0,9.86,15
45,1,9.58,16
45,2,10.3,16
45,3,9.85,16
45,4,9.8,15
45,5,9.79,16
45,6,10.27,16
45,7,10.08,15
45,8,9.9,16
45,9,9.8,16
45,10,9.76,16
45,11,10.06,14
45,12,10.08,16
45,13,9.93,16
45,14,9.65,14
45,15,10.51,15
45,16,9.86,17
45,17,9.55,16
45,18,10.26,16
45,19,10.17,16
45,20,10.05,16
45,21,9.84,15
45,22,9.37,15
45,23,9.76,15
45,24,9.82,16
45,25,10.62,15
45,26,9.88,18
45,27,10.29,17
45,28,9.7,16
45,29,10.45,16
45,30,9.7,15
45,0,9.86,15
45,1,9.58,16
45,2,10.3,16
45,3,9.85,16
45,4,9.8,15
45,5,9.79,16
45,6,10.27,16
45,7,10.08,15
45,8,9.9,16
45,9,9.8,16
45,10,9.76,16
45,11,10.06,14
45,12,10.08,16
45,13,9.93,16
45,14,9.65,14
45,15,10.51,15
45,16,9.86,17
45,17,9.55,16
45,18,10.26,16
45,19,10.17,16
45,20,10.05,16
45,21,9.84,15
45,22,9.37,15
45,23,9.76,15
45,24,9.82,16
45,25,10.62,15
45,26,9.88,18
45,27,10.29,17
45,28,9.7,16
45,29,10.45,16
45,30,9.7,15
45,31,9.81,14
45,0,9.86,15
45,1,9.58,16
45,2,10.3,16
45,3,9.85,16
45,4,9.8,15
45,5,9.79,16
45,6,10.27,16
45,7,10.08,15
45,8,9.9,16
45,9,9.8,16
45,10,9.76,16
45,11,10.06,14
45,12,10.08,16
45,13,9.93,16
45,14,9.65,14
45,15,10.51,15
45,16,9.86,17
45,17,9.55,16
45,18,10.26,16
45,19,10.17,16
45,20,10.05,16
45,21,9.84,15
45,22,9.37,15
45,23,9.76,15
45,24,9.82,16
45,25,10.62,15
45,26,9.88,18
45,27,10.29,17
45,28,9.7,16
45,29,10.45,16
45,30,9.7,15
45,31,9.81,14
45,32,9.88,14
45,0,9.86,15
45,1,9.58,16
45,2,10.3,16
45,3,9.85,16
45,4,9.8,15
45,5,9.79,16
45,6,10.27,16
45,7,10.08,15
45,8,9.9,16
45,9,9.8,16
45,10,9.76,16
45,11,10.06,14
45,12,10.08,16
45,13,9.93,16
45,14,9.65,14
45,15,10.51,15
45,16,9.86,17
45,17,9.55,16
45,18,10.26,16
45,19,10.17,16
45,20,10.05,16
45,21,9.84,15
45,22,9.37,15
45,23,9.76,15
45,24,9.82,16
45,25,10.62,15
45,26,9.88,18
45,27,10.29,17
45,28,9.7,16
45,29,10.45,16
45,30,9.7,15
45,31,9.81,14
45,32,9.88,14
45,33,9.98,15
45,0,9.86,15
45,1,9.58,16
45,2,10.3,16
45,3,9.85,16
45,4,9.8,15
45,5,9.79,16
45,6,10.27,16
45,7,10.08,15
45,8,9.9,16
45,9,9.8,16
45,10,9.76,16
45,11,10.06,14
45,12,10.08,16
45,13,9.93,16
45,14,9.65,14
45,15,10.51,15
45,16,9.86,17
45,17,9.55,16
45,18,10.26,16
45,19,10.17,16
45,20,10.05,16
45,21,9.84,15
45,22,9.37,15
45,23,9.76,15
45,24,9.82,16
45,25,10.62,15
45,26,9.88,18
45,27,10.29,17
45,28,9.7,16
45,29,10.45,16
45,30,9.7,15
45,31,9.81,14
45,32,9.88,14
45,33,9.98,15
45,34,10.24,15
45,0,9.86,15
45,1,9.58,16
45,2,10.3,16
45,3,9.85,16
45,4,9.8,15
45,5,9.79,16
45,6,10.27,16
45,7,10.08,15
45,8,9.9,16
45,9,9.8,16
45,10,9.76,16
45,11,10.06,14
45,12,10.08,16
45,13,9.93,16
45,14,9.65,14
45,15,10.51,15
45,16,9.86,17
45,17,9.55,16
45,18,10.26,16
45,19,10.17,16
45,20,10.05,16
45,21,9.84,15
45,22,9.37,15
45,23,9.76,15
45,24,9.82,16
45,25,10.62,15
45,26,9.88,18
45,27,10.29,17
45,28,9.7,16
45,29,10.45,16
45,30,9.7,15
45,31,9.81,14
45,32,9.88,14
45,33,9.98,15
45,34,10.24,15
45,35,10.0,18
45,0,9.86,15
45,1,9.58,16
45,2,10.3,16
45,3,9.85,16
45,4,9.8,15
45,5,9.79,16
45,6,10.27,16
45,7,10.08,15
45,8,9.9,16
45,9,9.8,16
45,10,9.76,16
45,11,10.06,14
45,12,10.08,16
45,13,9.93,16
45,14,9.65,14
45,15,10.51,15
45,16,9.86,17
45,17,9.55,16
45,18,10.26,16
45,19,10.17,16
45,20,10.05,16
45,21,9.84,15
45,22,9.37,15
45,23,9.76,15
45,24,9.82,16
45,25,10.62,15
45,26,9.88,18
45,27,10.29,17
45,28,9.7,16
45,29,10.45,16
45,30,9.7,15
45,31,9.81,14
45,32,9.88,14
45,33,9.98,15
45,34,10.24,15
45,35,10.0,18
45,36,9.64,15
45,0,9.86,15
45,1,9.58,16
45,2,10.3,16
45,3,9.85,16
45,4,9.8,15
45,5,9.79,16
45,6,10.27,16
45,7,10.08,15
45,8,9.9,16
45,9,9.8,16
45,10,9.76,16
45,11,10.06,14
45,12,10.08,16
45,13,9.93,16
45,14,9.65,14
45,15,10.51,15
45,16,9.86,17
45,17,9.55,16
45,18,10.26,16
45,19,10.17,16
45,20,10.05,16
45,21,9.84,15
45,22,9.37,15
45,23,9.76,15
45,24,9.82,16
45,25,10.62,15
45,26,9.88,18
45,27,10.29,17
45,28,9.7,16
45,29,10.45,16
45,30,9.7,15
45,31,9.81,14
45,32,9.88,14
45,33,9.98,15
45,34,10.24,15
45,35,10.0,18
45,36,9.64,15
45,37,10.11,16
45,0,9.86,15
45,1,9.58,16
45,2,10.3,16
45,3,9.85,16
45,4,9.8,15
45,5,9.79,16
45,6,10.27,16
45,7,10.08,15
45,8,9.9,16
45,9,9.8,16
45,10,9.76,16
45,11,10.06,14
45,12,10.08,16
45,13,9.93,16
45,14,9.65,14
45,15,10.51,15
45,16,9.86,17
45,17,9.55,16
45,18,10.26,16
45,19,10.17,16
45,20,10.05,16
45,21,9.84,15
45,22,9.37,15
45,23,9.76,15
45,24,9.82,16
45,25,10.62,15
45,26,9.88,18
45,27,10.29,17
45,28,9.7,16
45,29,10.45,16
45,30,9.7,15
45,31,9.81,14
45,32,9.88,14
45,33,9.98,15
45,34,10.24,15
45,35,10.0,18
45,36,9.64,15
45,37,10.11,16
45,38,10.14,15
45,0,9.86,15
45,1,9.58,16
45,2,10.3,16
45,3,9.85,16
45,4,9.8,15
45,5,9.79,16
45,6,10.27,16
45,7,10.08,15
45,8,9.9,16
45,9,9.8,16
45,10,9.76,16
45,11,10.06,14
45,12,10.08,16
45,13,9.93,16
45,14,9.65,14
45,15,10.51,15
45,16,9.86,17
45,17,9.55,16
45,18,10.26,16
45,19,10.17,16
45,20,10.05,16
45,21,9.84,15
45,22,9.37,15
45,23,9.76,15
45,24,9.82,16
45,25,10.62,15
45,26,9.88,18
45,27,10.29,17
45,28,9.7,16
45,29,10.45,16
45,30,9.7,15
45,31,9.81,14
45,32,9.88,14
45,33,9.98,15
45,34,10.24,15
45,35,10.0,18
45,36,9.64,15
45,37,10.11,16
45,38,10.14,15
45,39,10.09,15
45,0,9.86,15
45,1,9.58,16
45,2,10.3,16
45,3,9.85,16
45,4,9.8,15
45,5,9.79,16
45,6,10.27,16
45,7,10.08,15
45,8,9.9,16
45,9,9.8,16
45,10,9.76,16
45,11,10.06,14
45,12,10.08,16
45,13,9.93,16
45,14,9.65,14
45,15,10.51,15
45,16,9.86,17
45,17,9.55,16
45,18,10.26,16
45,19,10.17,16
45,20,10.05,16
45,21,9.84,15
45,22,9.37,15
45,23,9.76,15
45,24,9.82,16
45,25,10.62,15
45,26,9.88,18
45,27,10.29,17
45,28,9.7,16
45,29,10.45,16
45,30,9.7,15
45,31,9.81,14
45,32,9.88,14
45,33,9.98,15
45,34,10.24,15
45,35,10.0,18
45,36,9.64,15
45,37,10.11,16
45,38,10.14,15
45,39,10.09,15
45,40,10.1,15
45,0,9.86,15
45,1,9.58,16
45,2,10.3,16
45,3,9.85,16
45,4,9.8,15
45,5,9.79,16
45,6,10.27,16
45,7,10.08,15
45,8,9.9,16
45,9,9.8,16
45,10,9.76,16
45,11,10.06,14
45,12,10.08,16
45,13,9.93,16
45,14,9.65,14
45,15,10.51,15
45,16,9.86,17
45,17,9.55,16
45,18,10.26,16
45,19,10.17,16
45,20,10.05,16
45,21,9.84,15
45,22,9.37,15
45,23,9.76,15
45,24,9.82,16
45,25,10.62,15
45,26,9.88,18
45,27,10.29,17
45,28,9.7,16
45,29,10.45,16
45,30,9.7,15
45,31,9.81,14
45,32,9.88,14
45,33,9.98,15
45,34,10.24,15
45,35,10.0,18
45,36,9.64,15
45,37,10.11,16
45,38,10.14,15
45,39,10.09,15
45,40,10.1,15
45,41,10.15,14
45,0,9.86,15
45,1,9.58,16
45,2,10.3,16
45,3,9.85,16
45,4,9.8,15
45,5,9.79,16
45,6,10.27,16
45,7,10.08,15
45,8,9.9,16
45,9,9.8,16
45,10,9.76,16
45,11,10.06,14
45,12,10.08,16
45,13,9.93,16
45,14,9.65,14
45,15,10.51,15
45,16,9.86,17
45,17,9.55,16
45,18,10.26,16
45,19,10.17,16
45,20,10.05,16
45,21,9.84,15
45,22,9.37,15
45,23,9.76,15
45,24,9.82,16
45,25,10.62,15
45,26,9.88,18
45,27,10.29,17
45,28,9.7,16
45,29,10.45,16
45,30,9.7,15
45,31,9.81,14
45,32,9.88,14
45,33,9.98,15
45,34,10.24,15
45,35,10.0,18
45,36,9.64,15
45,37,10.11,16
45,38,10.14,15
45,39,10.09,15
45,40,10.1,15
45,41,10.15,14
45,42,10.18,16
45,0,9.86,15
45,1,9.58,16
45,2,10.3,16
45,3,9.85,16
45,4,9.8,15
45,5,9.79,16
45,6,10.27,16
45,7,10.08,15
45,8,9.9,16
45,9,9.8,16
45,10,9.76,16
45,11,10.06,14
45,12,10.08,16
45,13,9.93,16
45,14,9.65,14
45,15,10.51,15
45,16,9.86,17
45,17,9.55,16
45,18,10.26,16
45,19,10.17,16
45,20,10.05,16
45,21,9.84,15
45,22,9.37,15
45,23,9.76,15
45,24,9.82,16
45,25,10.62,15
45,26,9.88,18
45,27,10.29,17
45,28,9.7,16
45,29,10.45,16
45,30,9.7,15
45,31,9.81,14
45,32,9.88,14
45,33,9.98,15
45,34,10.24,15
45,35,10.0,18
45,36,9.64,15
45,37,10.11,16
45,38,10.14,15
45,39,10.09,15
45,40,10.1,15
45,41,10.15,14
45,42,10.18,16
45,43,9.87,15
45,0,9.86,15
45,1,9.58,16
45,2,10.3,16
45,3,9.85,16
45,4,9.8,15
45,5,9.79,16
45,6,10.27,16
45,7,10.08,15
45,8,9.9,16
45,9,9.8,16
45,10,9.76,16
45,11,10.06,14
45,12,10.08,16
45,13,9.93,16
45,14,9.65,14
45,15,10.51,15
45,16,9.86,17
45,17,9.55,16
45,18,10.26,16
45,19,10.17,16
45,20,10.05,16
45,21,9.84,15
45,22,9.37,15
45,23,9.76,15
45,24,9.82,16
45,25,10.62,15
45,26,9.88,18
45,27,10.29,17
45,28,9.7,16
45,29,10.45,16
45,30,9.7,15
45,31,9.81,14
45,32,9.88,14
45,33,9.98,15
45,34,10.24,15
45,35,10.0,18
45,36,9.64,15
45,37,10.11,16
45,38,10.14,15
45,39,10.09,15
45,40,10.1,15
45,41,10.15,14
45,42,10.18,16
45,43,9.87,15
45,44,9.81,15
45,0,9.86,15
45,1,9.58,16
45,2,10.3,16
45,3,9.85,16
45,4,9.8,15
45,5,9.79,16
45,6,10.27,16
45,7,10.08,15
45,8,9.9,16
45,9,9.8,16
45,10,9.76,16
45,11,10.06,14
45,12,10.08,16
45,13,9.93,16
45,14,9.65,14
45,15,10.51,15
45,16,9.86,17
45,17,9.55,16
45,18,10.26,16
45,19,10.17,16
45,20,10.05,16
45,21,9.84,15
45,22,9.37,15
45,23,9.76,15
45,24,9.82,16
45,25,10.62,15
45,26,9.88,18
45,27,10.29,17
45,28,9.7,16
45,29,10.45,16
45,30,9.7,15
45,31,9.81,14
45,32,9.88,14
45,33,9.98,15
45,34,10.24,15
45,35,10.0,18
45,36,9.64,15
45,37,10.11,16
45,38,10.14,15
45,39,10.09,15
45,40,10.1,15
45,41,10.15,14
45,42,10.18,16
45,43,9.87,15
45,44,9.81,15
45,45,9.89,17
45,0,9.86,15
45,1,9.58,16
45,2,10.3,16
45,3,9.85,16
45,4,9.8,15
45,5,9.79,16
45,6,10.27,16
45,7,10.08,15
45,8,9.9,16
45,9,9.8,16
45,10,9.76,16
45,11,10.06,14
45,12,10.08,16
45,13,9.93,16
45,14,9.65,14
45,15,10.51,15
45,16,9.86,17
45,17,9.55,16
45,18,10.26,16
45,19,10.17,16
45,20,10.05,16
45,21,9.84,15
45,22,9.37,15
45,23,9.76,15
45,24,9.82,16
45,25,10.62,15
45,26,9.88,18
45,27,10.29,17
45,28,9.7,16
45,29,10.45,16
45,30,9.7,15
45,31,9.81,14
45,32,9.88,14
45,33,9.98,15
45,34,10.24,15
45,35,10.0,18
45,36,9.64,15
45,37,10.11,16
45,38,10.14,15
45,39,10.09,15
45,40,10.1,15
45,41,10.15,14
45,42,10.18,16
45,43,9.87,15
45,44,9.81,15
45,45,9.89,17
45,46,9.57,15
45,0,9.86,15
45,1,9.58,16
45,2,10.3,16
45,3,9.85,16
45,4,9.8,15
45,5,9.79,16
45,6,10.27,16
45,7,10.08,15
45,8,9.9,16
45,9,9.8,16
45,10,9.76,16
45,11,10.06,14
45,12,10.08,16
45,13,9.93,16
45,14,9.65,14
45,15,10.51,15
45,16,9.86,17
45,17,9.55,16
45,18,10.26,16
45,19,10.17,16
45,20,10.05,16
45,21,9.84,15
45,22,9.37,15
45,23,9.76,15
45,24,9.82,16
45,25,10.62,15
45,26,9.88,18
45,27,10.29,17
45,28,9.7,16
45,29,10.45,16
45,30,9.7,15
45,31,9.81,14
45,32,9.88,14
45,33,9.98,15
45,34,10.24,15
45,35,10.0,18
45,36,9.64,15
45,37,10.11,16
45,38,10.14,15
45,39,10.09,15
45,40,10.1,15
45,41,10.15,14
45,42,10.18,16
45,43,9.87,15
45,44,9.81,15
45,45,9.89,17
45,46,9.57,15
45,47,9.92,16
45,0,9.86,15
45,1,9.58,16
45,2,10.3,16
45,3,9.85,16
45,4,9.8,15
45,5,9.79,16
45,6,10.27,16
45,7,10.08,15
45,8,9.9,16
45,9,9.8,16
45,10,9.76,16
45,11,10.06,14
45,12,10.08,16
45,13,9.93,16
45,14,9.65,14
45,15,10.51,15
45,16,9.86,17
45,17,9.55,16
45,18,10.26,16
45,19,10.17,16
45,20,10.05,16
45,21,9.84,15
45,22,9.37,15
45,23,9.76,15
45,24,9.82,16
45,25,10.62,15
45,26,9.88,18
45,27,10.29,17
45,28,9.7,16
45,29,10.45,16
45,30,9.7,15
45,31,9.81,14
45,32,9.88,14
45,33,9.98,15
45,34,10.24,15
45,35,10.0,18
45,36,9.64,15
45,37,10.11,16
45,38,10.14,15
45,39,10.09,15
45,40,10.1,15
45,41,10.15,14
45,42,10.18,16
45,43,9.87,15
45,44,9.81,15
45,45,9.89,17
45,46,9.57,15
45,47,9.92,16
45,48,9.51,15
45,0,9.86,15
45,1,9.58,16
45,2,10.3,16
45,3,9.85,16
45,4,9.8,15
45,5,9.79,16
45,6,10.27,16
45,7,10.08,15
45,8,9.9,16
45,9,9.8,16
45,10,9.76,16
45,11,10.06,14
45,12,10.08,16
45,13,9.93,16
45,14,9.65,14
45,15,10.51,15
45,16,9.86,17
45,17,9.55,16
45,18,10.26,16
45,19,10.17,16
45,20,10.05,16
45,21,9.84,15
45,22,9.37,15
45,23,9.76,15
45,24,9.82,16
45,25,10.62,15
45,26,9.88,18
45,27,10.29,17
45,28,9.7,16
45,29,10.45,16
45,30,9.7,15
45,31,9.81,14
45,32,9.88,14
45,33,9.98,15
45,34,10.24,15
45,35,10.0,18
45,36,9.64,15
45,37,10.11,16
45,38,10.14,15
45,39,10.09,15
45,40,10.1,15
45,41,10.15,14
45,42,10.18,16
45,43,9.87,15
45,44,9.81,15
45,45,9.89,17
45,46,9.57,15
45,47,9.92,16
45,48,9.51,15
45,49,10.05,14
